1000000
96,481
197,783
142,391
164,343
61,795
199,567
81,905
182,818
123,152
18,316
85,722
167,770
99,41
117,161
132,499
23,786
38,492
184,670
118,789
88,572
119,264
197,396
123,808
178,154
55,40
52,621
67,117
42,118
49,644
77,408
59,674
145,598
167,123
8,247
193,615
95,811
62,652
80,84
78,914
169,798
32,55
123,837
65,665
143,274
160,214
114,839
137,335
19,779
72,934
192,509
20,632
182,411
5,596
133,425
114,946
153,307
85,857
42,127
64,937
71,458
122,570
67,47
191,555
78,578
168,788
66,846
106,219
161,597
119,855
100,486
125,646
161,210
175,50
126,407
71,378
104,218
147,200
88,208
143,430
62,315
135,310
15,38
117,398
112,249
64,166
34,432
154,950
100,982
82,224
165,260
76,982
173,572
160,443
174,516
16,570
61,218
43,585
9,452
194,637
31,734
47,202
192,299
159,280
188,40
48,589
33,313
179,953
162,869
157,114
112,17
133,288
183,500
80,748
185,95
9,667
188,967
116,57
105,531
82,78
121,481
65,502
33,874
87,826
135,874
93,616
76,109
130,910
45,333
124,23
152,204
147,782
68,196
16,961
160,891
160,30
31,777
46,954
121,379
81,938
129,485
119,499
67,617
48,559
38,979
39,161
200,401
189,491
173,544
124,15
2,656
122,559
159,374
22,905
62,159
160,542
17,510
114,990
144,557
176,946
185,847
88,672
103,46
83,493
70,356
58,549
120,303
119,199
11,643
81,319
42,550
7,590
179,572
13,342
84,465
151,909
185,281
96,295
179,133
21,444
188,825
120,109
56,849
47,676
15,785
150,411
14,176
135,437
157,969
182,76
44,313
175,924
108,428
83,93
125,759
172,975
102,242
121,947
57,708
20,520
49,362
30,983
127,575
131,103
179,584
58,906
6,572
153,897
100,485
191,745
111,288
47,697
154,412
63,313
157,612
100,29
149,803
40,539
133,473
120,483
69,864
132,701
113,733
55,348
47,696
187,914
186,906
32,782
131,963
117,384
155,147
160,179
26,948
44,533
168,841
97,743
193,516
122,98
51,526
140,716
74,656
5,677
181,686
1,105
96,287
109,500
107,174
168,774
56,681
134,190
110,743
126,812
77,850
132,649
163,342
20,460
113,902
11,220
164,78
189,495
109,839
36,603
61,938
137,251
2,798
194,98
131,645
49,52
59,166
23,265
87,43
76,431
119,445
183,403
94,930
71,647
68,694
33,694
105,360
177,304
195,14
61,265
146,154
23,901
166,418
84,597
176,442
191,671
139,202
37,733
9,962
25,822
102,766
81,919
170,489
63,825
14,768
71,353
109,189
9,265
181,873
173,734
131,849
141,201
139,850
119,772
85,702
84,909
18,909
15,982
56,736
87,404
172,856
80,835
143,349
123,838
81,962
100,879
199,262
116,534
62,759
124,252
78,262
194,168
17,952
170,954
48,299
3,813
46,61
107,262
167,794
36,980
40,820
147,366
38,384
115,14
168,873
21,672
83,250
191,332
14,980
1,12
146,901
52,734
188,782
183,465
47,844
116,604
20,891
191,651
130,774
86,264
126,224
183,965
34,912
161,221
39,98
137,684
59,154
33,315
41,43
195,413
59,975
155,863
29,800
196,893
34,348
104,539
171,144
177,996
62,716
187,614
179,735
133,616
120,488
125,49
84,254
77,175
160,280
18,202
138,382
146,819
150,652
173,163
126,267
99,996
58,487
74,129
10,324
74,822
107,677
3,956
197,512
1,383
137,769
176,573
34,558
63,371
45,66
34,994
53,455
147,168
96,593
29,865
11,675
33,927
181,507
185,45
95,646
155,325
18,656
197,58
113,596
41,511
150,54
49,462
25,897
105,188
54,816
140,275
155,346
1,828
90,540
54,574
171,447
69,148
189,634
6,191
62,467
153,33
17,580
97,656
197,303
26,764
73,572
172,496
49,459
170,247
74,633
71,996
57,501
180,751
75,571
184,461
44,779
91,971
36,181
116,308
90,409
55,938
76,866
106,159
169,699
181,89
197,777
38,583
151,287
169,418
53,308
148,221
94,421
101,367
35,415
100,315
28,486
159,300
103,482
171,396
1,860
181,375
192,550
164,790
182,257
63,888
172,130
94,747
6,561
114,612
133,597
147,309
9,896
84,47
26,577
2,255
168,998
137,183
21,497
6,44
26,752
123,351
162,770
175,199
96,839
137,210
5,58
166,888
79,324
5,905
67,919
124,126
160,90
125,20
71,205
122,198
160,588
53,471
91,900
139,201
39,257
16,209
189,985
74,295
67,108
170,441
105,610
177,450
43,971
89,224
15,455
67,261
101,809
73,168
75,226
87,450
147,610
110,69
64,884
200,533
99,440
117,625
183,515
190,749
152,100
105,351
29,100
52,591
15,679
123,955
111,455
162,620
30,589
104,366
199,711
102,294
180,652
26,984
193,203
119,655
197,174
112,672
116,939
128,349
177,744
44,48
198,115
51,622
66,471
22,600
52,346
172,970
136,802
73,506
34,456
169,197
90,206
74,261
131,497
193,107
100,816
172,713
121,438
69,965
158,139
41,456
120,198
141,528
167,31
89,571
31,145
121,959
88,128
99,378
65,832
61,590
147,367
40,235
156,978
123,794
54,206
90,394
107,74
159,424
10,923
38,740
158,64
14,189
17,98
52,986
30,587
6,853
150,679
87,346
124,470
10,49
122,125
123,310
113,816
134,466
65,638
12,318
76,444
35,951
162,221
175,597
85,121
76,252
53,519
85,461
116,178
64,859
40,756
16,601
21,662
169,819
59,997
80,873
175,458
58,892
72,578
150,608
37,681
43,717
27,624
56,588
9,317
14,430
48,568
48,366
42,611
192,348
31,142
199,880
69,268
135,697
103,85
56,729
121,544
125,527
67,799
67,766
136,196
122,652
180,351
149,623
143,446
103,771
136,484
51,100
161,16
7,721
78,192
143,318
4,259
57,260
146,446
113,468
109,254
54,881
138,196
141,907
106,676
124,599
58,744
174,972
86,107
189,779
125,164
58,446
175,392
158,100
153,100
59,667
187,954
186,772
38,946
15,941
106,56
62,481
172,942
135,948
138,70
43,63
149,574
104,638
11,409
118,752
154,835
169,376
22,594
154,185
3,889
132,370
63,155
15,424
181,120
198,477
149,398
51,639
106,874
198,681
24,867
181,837
110,331
26,614
41,769
197,367
21,622
171,260
74,108
23,753
3,775
134,315
177,811
195,863
128,962
90,691
104,851
21,266
166,292
12,405
26,986
166,240
146,364
71,59
128,287
123,340
140,491
40,524
71,175
155,53
175,481
146,971
1,623
66,647
38,515
159,565
142,605
91,573
178,373
45,87
16,711
27,101
110,345
160,35
169,531
143,649
100,634
12,809
192,453
132,313
124,688
93,528
108,836
112,178
5,108
183,194
89,736
133,25
2,57
69,733
172,542
80,950
66,15
52,978
77,108
16,80
116,593
140,759
78,374
42,63
68,199
176,939
63,726
95,327
11,539
125,566
189,629
69,638
9,866
53,963
162,229
101,201
31,727
2,138
86,202
120,188
185,822
128,712
47,222
161,673
102,617
173,145
78,152
143,563
102,250
141,677
77,542
180,776
37,896
122,248
157,23
29,493
31,292
155,519
196,612
3,643
84,384
195,340
197,771
85,197
77,103
62,308
178,488
88,146
56,1000
188,551
27,335
116,861
108,605
170,718
170,371
82,930
74,470
160,66
31,745
53,390
120,99
184,337
188,890
169,281
98,587
162,732
3,894
52,432
124,14
191,822
166,717
115,794
173,556
32,349
185,769
45,146
88,887
84,26
65,143
86,508
150,19
26,542
49,775
199,333
129,854
62,568
62,675
175,978
28,291
100,971
2,954
54,383
29,276
173,576
80,93
132,879
57,93
56,824
2,170
22,306
125,829
170,742
130,523
68,357
147,163
116,547
100,199
19,502
141,601
57,18
143,536
2,896
143,430
124,186
94,334
61,759
73,583
70,820
192,832
57,963
114,505
44,952
186,696
177,159
32,17
106,575
98,932
160,238
95,223
182,835
33,77
196,116
134,45
84,26
22,163
193,950
19,930
199,46
189,446
94,809
133,659
162,436
86,26
68,49
177,664
14,370
175,823
189,358
108,280
150,972
114,748
70,462
29,625
126,112
197,929
93,587
23,521
145,741
175,132
139,462
47,320
185,416
43,841
89,704
114,323
130,432
169,778
72,782
197,580
92,914
125,873
182,826
117,771
125,182
123,844
60,367
115,417
36,602
130,738
82,240
44,980
12,196
178,593
139,773
135,565
200,192
187,861
138,287
12,824
3,384
50,498
67,192
94,424
27,628
77,547
55,573
70,843
5,742
107,578
95,426
43,94
31,887
62,397
124,622
181,197
92,421
5,608
137,898
49,852
182,350
152,896
183,83
117,500
151,441
119,324
65,312
64,236
63,888
50,633
21,286
44,587
144,143
87,396
97,3
189,511
169,896
70,585
4,806
84,762
88,675
196,423
21,953
62,504
171,966
110,304
131,379
162,767
71,900
144,712
188,717
97,681
163,24
95,294
181,758
55,486
155,888
60,709
124,593
199,862
89,377
65,236
191,659
19,600
29,565
32,654
13,688
83,627
2,505
177,361
117,811
130,173
110,473
128,268
55,964
101,665
43,624
41,35
91,769
13,494
63,409
52,247
191,514
131,909
101,829
28,872
45,570
88,160
50,774
111,804
136,416
2,690
187,934
151,278
189,368
151,520
14,148
86,690
59,10
157,923
25,180
135,982
135,82
9,670
152,34
14,309
129,370
174,756
116,966
85,136
1,274
55,413
167,719
93,963
129,529
52,290
166,135
107,795
110,810
33,812
116,75
192,205
25,950
19,536
39,447
109,492
71,141
97,778
96,918
138,76
62,564
166,599
117,819
165,961
115,93
176,226
81,123
157,780
124,469
190,866
178,911
117,188
171,88
176,439
85,878
104,488
36,846
69,109
131,681
30,708
53,265
124,252
74,424
193,654
8,474
108,530
3,561
18,258
190,853
138,765
144,981
114,576
61,37
51,290
163,533
89,653
192,717
6,362
99,969
186,936
81,869
114,364
11,458
138,980
61,202
20,647
56,831
95,275
11,972
80,548
76,12
81,585
131,284
168,247
42,783
123,379
18,45
106,904
8,636
39,266
130,663
193,827
32,383
69,276
44,801
30,932
200,651
166,378
87,131
135,192
28,476
78,712
196,18
14,683
42,311
186,19
61,578
91,422
145,115
96,725
154,814
187,217
72,910
153,371
153,490
21,587
76,843
177,7
172,835
107,960
59,118
196,768
77,141
35,636
67,17
56,449
77,563
26,895
133,35
157,395
44,898
164,868
159,903
126,741
94,509
185,51
30,997
54,629
133,259
114,373
65,633
55,279
113,271
75,502
178,313
44,706
194,428
189,860
108,663
13,549
125,553
40,700
108,642
173,907
141,474
63,44
50,170
188,444
187,72
190,483
135,224
187,646
117,379
170,401
195,309
77,639
71,891
77,451
82,762
60,968
178,990
166,690
174,419
173,795
24,144
29,788
65,941
133,62
181,6
13,867
24,710
184,256
138,651
195,570
174,731
30,914
151,169
76,182
22,534
65,47
181,879
50,782
152,936
129,421
147,455
92,708
113,258
167,782
117,642
165,585
42,533
122,778
51,916
186,463
175,226
24,741
149,150
50,593
31,945
20,729
9,119
2,207
144,360
140,249
131,527
87,618
76,984
5,545
82,953
155,128
69,277
199,523
6,712
122,81
137,329
126,382
55,151
97,861
83,251
163,397
96,738
131,258
39,565
21,744
148,380
43,61
151,437
45,960
129,391
148,506
7,110
60,116
147,704
88,840
173,662
175,469
79,442
113,396
185,937
95,127
11,61
6,782
161,340
36,548
74,373
156,326
133,353
34,813
128,794
120,529
33,798
114,384
117,131
21,592
71,488
108,300
53,765
20,720
161,944
126,208
11,993
143,617
17,329
191,111
79,705
23,329
87,592
89,594
34,119
86,825
46,834
36,951
78,502
186,183
105,729
127,401
108,195
106,883
72,232
181,731
125,518
170,595
146,406
195,419
129,769
164,215
193,913
65,538
53,419
33,7
155,117
63,252
120,429
71,129
118,558
81,574
181,348
129,357
47,665
192,397
35,897
109,971
143,166
9,980
16,565
32,696
47,892
188,560
137,109
58,723
36,611
116,630
73,760
166,778
1,782
131,220
103,524
174,977
123,37
45,147
101,977
61,773
143,438
187,47
43,101
30,447
149,879
46,929
24,319
34,623
143,905
101,66
115,99
59,238
170,163
137,812
22,214
194,474
178,341
193,573
22,904
122,429
165,264
133,305
28,404
142,256
40,796
158,304
3,128
50,846
93,184
97,486
122,879
122,311
162,508
176,896
58,964
195,587
83,863
145,969
76,756
99,325
184,510
16,786
71,43
178,790
33,978
193,646
124,897
127,517
134,18
21,217
84,957
146,822
147,538
51,430
32,330
27,802
153,627
81,750
147,416
47,579
125,710
44,554
180,281
197,665
61,603
117,219
84,824
190,967
142,895
166,783
164,828
96,582
87,36
162,4
111,540
121,762
16,520
118,657
144,402
172,876
133,904
30,202
13,495
21,252
108,843
156,907
185,974
31,235
175,44
179,52
130,986
17,691
125,312
194,605
171,348
170,544
9,585
129,478
86,438
101,744
6,893
15,215
29,256
110,905
31,143
133,469
56,895
14,364
149,344
23,188
189,342
71,228
54,40
68,824
190,705
172,45
22,937
114,887
146,875
157,314
138,77
199,553
50,871
198,376
21,657
177,70
26,349
181,937
147,594
46,351
125,476
141,368
57,895
147,677
119,245
81,800
17,84
115,610
126,326
100,849
176,665
182,311
46,629
157,995
183,144
124,881
61,521
69,96
60,337
169,650
197,99
134,363
139,615
54,84
41,949
23,929
6,857
199,384
25,354
168,26
95,462
1,101
137,141
39,269
187,63
4,460
144,978
196,413
143,394
43,666
187,298
56,811
3,577
165,534
9,45
151,342
52,290
108,65
44,429
38,112
9,814
108,234
194,717
55,98
92,882
190,317
31,767
124,659
132,521
114,178
92,558
185,809
27,361
179,28
164,346
32,316
65,605
111,899
61,224
92,382
92,462
119,86
135,518
126,938
77,893
15,676
4,7
72,399
190,481
147,220
150,99
151,157
78,328
13,920
45,794
59,233
120,693
88,677
133,962
81,2
134,240
71,586
135,378
58,457
190,919
167,980
164,841
162,801
123,523
97,221
9,48
107,565
48,74
76,19
80,828
23,697
56,817
104,496
87,535
57,755
107,338
111,310
175,843
21,917
13,578
73,636
14,603
1,719
78,465
105,318
198,365
33,591
81,10
178,742
82,985
24,837
84,375
10,163
53,433
61,846
183,193
137,646
196,94
160,523
77,411
95,644
102,306
100,90
79,152
10,627
113,805
147,547
140,828
59,601
86,841
160,48
8,377
37,963
111,583
187,423
45,161
28,815
5,268
69,50
24,975
73,658
23,347
180,79
190,175
81,206
185,878
71,688
12,518
61,903
102,748
148,728
139,276
125,544
94,371
118,948
198,895
35,789
5,207
144,384
197,502
7,467
188,997
109,205
99,256
1,773
100,743
103,81
121,79
144,432
5,403
27,433
67,154
143,534
3,543
21,551
154,820
8,64
113,353
59,337
101,949
58,983
110,309
176,710
180,957
24,19
43,36
25,821
126,987
147,883
67,581
69,441
184,559
110,531
200,338
149,574
157,529
21,394
132,720
63,499
36,913
176,47
147,634
180,570
18,290
6,306
145,523
73,117
108,727
14,70
188,287
52,126
66,887
17,530
120,841
90,964
66,367
89,200
50,810
8,830
70,501
5,388
9,745
89,279
190,81
173,885
118,738
116,920
79,488
41,713
139,402
173,612
4,497
190,946
68,711
4,455
132,630
156,940
186,522
137,546
47,455
194,892
58,461
53,354
176,184
176,10
104,716
74,500
151,646
97,175
174,495
153,716
53,107
135,39
88,856
106,817
11,570
80,327
56,570
17,306
198,84
50,738
91,878
179,567
1,181
83,555
188,590
195,598
174,124
176,924
144,660
56,170
106,641
86,434
114,520
80,483
117,788
14,815
106,878
101,519
93,714
72,1000
27,135
63,75
112,982
75,379
188,518
179,840
36,329
128,959
19,503
10,125
131,25
29,420
161,737
61,760
51,538
62,319
81,868
130,366
35,456
12,632
61,393
10,317
83,596
125,680
102,976
111,433
169,729
200,924
28,688
164,106
174,356
61,579
118,490
68,108
22,443
89,714
104,713
35,225
158,655
72,919
168,534
62,744
40,203
73,743
103,73
63,583
123,512
7,23
169,722
118,910
108,661
2,266
84,208
16,244
152,59
68,108
154,426
170,63
87,661
179,64
5,968
166,655
45,254
21,763
169,928
139,749
69,33
31,448
144,334
108,227
51,160
189,875
37,16
40,621
186,454
145,110
53,975
5,200
22,461
33,964
22,300
193,806
182,558
185,134
64,684
45,964
143,559
183,214
40,761
134,827
108,282
56,988
105,429
60,868
5,444
103,297
54,225
61,571
10,25
73,403
10,628
109,796
54,258
12,222
13,908
50,66
121,92
172,135
7,532
25,878
56,675
173,577
149,614
152,894
70,410
117,218
10,946
186,534
144,289
8,873
167,640
146,549
23,193
122,928
54,676
144,462
166,934
27,952
108,691
152,597
147,169
141,707
33,421
37,918
122,575
12,932
52,971
82,813
122,912
167,913
82,904
113,808
60,114
132,876
40,919
73,715
27,750
95,620
1,192
1,28
46,166
52,652
164,881
143,176
2,17
66,590
71,411
166,476
172,300
185,616
95,547
160,562
56,926
197,664
181,628
21,241
78,479
189,920
131,375
42,274
134,161
40,3
113,503
59,325
123,452
105,200
78,547
57,412
22,219
6,566
48,605
186,927
80,385
169,818
14,272
45,417
133,778
153,891
59,868
64,73
142,604
200,630
177,266
61,523
32,304
10,169
21,138
26,824
49,544
184,141
194,328
159,557
62,203
48,680
107,825
28,213
200,206
43,740
195,204
114,111
41,632
175,42
141,707
61,239
115,332
164,176
135,979
84,496
92,443
22,189
126,327
150,1000
63,106
182,556
135,626
197,841
35,826
78,655
186,899
131,896
10,875
148,147
183,730
111,827
39,116
69,123
174,739
18,20
175,942
126,415
145,713
31,970
169,747
138,746
184,914
180,991
118,129
151,353
57,60
129,536
38,874
33,805
151,569
113,591
34,998
137,298
195,621
113,9
184,259
62,548
69,341
3,400
88,258
67,548
4,207
62,140
151,105
12,898
110,712
13,938
9,824
20,360
41,901
6,675
115,641
6,2
97,287
16,160
171,415
63,125
22,721
31,785
132,163
166,728
176,864
74,624
140,971
52,567
113,878
125,833
26,138
170,458
137,424
129,315
70,443
92,68
84,275
22,481
175,51
83,409
29,615
19,688
36,711
105,476
111,652
64,267
109,594
31,450
113,970
86,859
182,757
151,705
189,608
180,87
86,595
72,637
144,658
137,649
69,777
26,326
1,306
89,281
120,217
67,778
110,954
72,940
46,631
95,957
33,970
62,926
98,853
34,847
41,581
3,241
58,664
51,393
33,381
77,466
38,468
10,194
14,924
59,50
89,508
40,188
45,325
200,268
31,923
28,897
23,834
151,479
127,391
48,985
92,628
131,271
68,719
85,59
21,137
167,872
64,866
7,25
118,139
122,449
194,877
111,480
62,272
180,778
23,727
165,263
73,660
24,165
107,870
168,593
164,708
164,139
112,373
193,272
186,315
143,829
92,848
173,532
190,844
154,457
149,506
133,231
123,549
20,532
182,886
78,827
167,319
174,260
7,859
119,283
15,288
74,390
159,813
179,371
26,462
195,361
94,838
82,88
5,132
68,443
48,215
73,321
163,665
149,292
168,257
179,196
162,690
97,837
146,948
162,706
115,469
24,725
137,960
112,901
58,304
7,831
143,268
57,584
188,779
60,697
75,660
75,604
10,595
109,47
10,497
89,972
1,965
128,939
134,457
29,89
150,688
100,202
193,488
80,9
20,512
160,363
139,942
119,569
70,134
140,896
190,622
145,234
191,904
85,293
124,200
54,229
161,577
103,975
23,732
15,544
93,744
101,747
25,733
81,845
171,985
110,183
151,329
32,257
109,781
20,140
55,555
73,927
42,106
16,210
76,341
72,45
189,432
190,942
43,296
128,5
69,920
110,546
80,750
63,592
164,379
70,464
87,515
73,284
188,807
186,231
183,343
45,34
172,202
3,101
161,916
2,408
11,435
107,954
182,648
61,614
134,4
80,949
13,414
164,205
7,204
99,196
198,86
22,94
114,542
65,694
103,894
189,703
176,3
159,485
110,770
177,652
63,852
70,714
190,851
34,154
55,337
27,381
191,116
107,21
140,344
124,883
180,350
137,543
155,863
48,445
110,751
36,159
50,35
112,468
106,658
163,290
173,96
127,767
136,876
193,552
154,338
131,682
36,58
72,31
139,851
75,973
10,651
108,978
131,225
155,860
108,620
128,442
108,66
115,137
15,88
33,62
21,88
103,973
32,428
146,452
117,944
150,215
55,993
182,58
118,837
160,281
175,233
184,18
122,678
93,419
12,996
177,326
168,943
119,371
189,896
43,616
86,2
70,663
200,634
35,144
6,366
149,685
57,679
57,63
14,421
40,358
146,243
36,924
107,643
130,150
24,513
2,711
95,745
112,167
192,414
55,997
14,713
79,96
132,839
77,424
38,113
154,854
149,630
63,25
151,859
78,327
65,755
132,811
73,28
105,847
134,273
2,436
119,280
108,637
194,608
57,346
185,505
146,264
108,658
25,191
185,633
106,297
75,292
183,410
50,102
13,546
71,190
92,98
141,466
69,185
94,727
86,962
159,871
114,224
145,919
19,370
7,12
22,748
132,663
198,236
43,118
11,508
189,344
19,775
165,220
108,482
46,362
144,168
43,87
118,703
110,436
181,243
164,244
192,545
27,128
66,235
146,840
36,702
80,700
64,969
73,173
12,53
132,673
102,290
22,955
110,483
124,980
170,281
82,6
65,110
103,555
115,287
164,988
199,88
192,486
35,314
194,6
102,519
125,217
184,337
167,778
21,999
168,27
125,933
160,992
60,560
13,961
164,232
65,415
189,582
14,219
7,295
29,599
122,255
194,279
143,551
13,72
139,981
53,829
121,362
65,523
80,137
111,283
120,986
134,481
56,83
130,721
55,224
96,66
151,921
145,849
121,352
26,324
200,527
82,462
88,829
186,170
42,579
195,159
184,239
58,704
109,222
196,604
159,723
109,71
114,322
14,985
195,145
156,453
172,162
144,487
166,832
92,625
84,514
134,711
108,273
148,966
68,102
13,32
30,674
136,240
130,222
1,6
40,773
154,121
182,543
189,314
139,519
81,585
60,188
181,715
81,706
154,149
99,295
162,587
23,11
180,562
164,369
18,725
133,607
64,69
91,218
36,136
140,530
50,680
95,24
138,748
169,734
154,550
91,724
7,386
117,75
191,89
42,528
94,479
112,402
26,756
5,134
125,749
34,90
55,597
35,889
140,235
34,12
138,33
178,892
40,118
128,454
26,953
112,513
163,538
51,650
58,148
48,659
137,386
117,647
63,729
17,900
137,486
65,587
74,546
15,186
200,276
80,534
104,118
188,861
35,116
87,934
78,121
142,49
1,176
173,76
106,925
117,747
56,162
168,396
71,958
82,127
191,672
198,881
30,134
44,432
73,721
10,731
168,24
123,482
14,533
138,534
93,196
158,942
110,709
151,204
168,137
75,116
98,2
140,613
38,526
187,647
137,143
136,183
83,373
112,810
20,958
136,568
107,38
66,78
140,429
181,761
124,522
188,834
40,924
70,596
83,497
67,594
155,327
10,922
45,491
146,373
197,745
67,786
123,753
130,742
156,465
16,644
122,64
35,96
83,571
64,290
139,898
40,580
3,549
145,512
97,397
169,773
104,68
164,619
179,472
39,413
193,177
183,119
142,921
160,285
128,485
194,722
84,416
23,798
119,161
139,622
182,524
95,924
190,852
132,212
107,90
98,460
11,998
118,39
193,872
136,658
49,209
168,376
199,415
105,173
149,229
152,182
63,271
74,993
41,152
191,320
182,173
25,307
18,237
174,334
165,326
153,646
167,776
186,262
7,331
134,637
52,421
58,150
149,18
17,275
28,135
165,916
132,515
53,102
199,872
154,931
88,588
192,371
13,454
47,978
29,646
85,727
36,98
6,320
25,168
96,397
37,736
178,189
129,437
95,138
112,256
189,732
33,586
64,884
172,638
157,135
149,297
79,473
30,679
94,16
183,450
173,182
119,683
159,257
101,962
27,798
163,834
93,672
26,731
187,839
21,881
39,386
112,644
114,689
34,521
158,265
41,383
71,815
24,873
93,712
190,993
42,323
70,103
103,567
153,54
198,65
197,77
107,528
5,807
112,582
104,850
41,106
116,737
20,977
185,890
156,823
186,901
42,693
165,575
109,370
195,764
143,383
188,628
85,783
22,640
70,939
6,228
35,225
12,221
58,189
86,234
22,133
65,973
105,861
187,890
94,709
49,424
162,770
82,76
43,108
68,105
27,788
101,558
28,350
140,558
136,749
11,959
197,801
87,601
188,277
86,803
36,365
172,949
178,172
51,160
81,314
95,162
151,106
200,795
21,488
34,338
129,820
181,870
87,544
66,50
173,607
15,621
149,582
170,527
169,924
77,731
15,416
167,908
176,567
48,102
151,1
124,745
50,68
19,810
96,668
35,246
73,83
176,788
144,387
59,702
60,778
141,248
98,883
7,777
181,19
68,985
103,305
109,546
11,344
141,678
153,212
46,644
79,397
111,702
69,155
39,917
145,918
189,444
53,159
11,311
124,303
146,49
12,682
180,402
80,897
127,419
24,368
184,725
127,77
132,938
72,825
47,484
88,860
122,199
180,130
119,534
193,490
16,623
151,724
164,858
4,692
133,853
114,691
38,859
120,67
130,927
78,990
168,929
75,542
178,225
91,17
1,319
67,595
185,852
101,956
139,914
199,194
75,980
132,664
45,559
9,40
142,784
171,511
134,798
186,195
61,338
183,552
91,938
3,168
171,636
19,833
31,972
15,492
160,222
75,952
57,305
141,880
32,527
194,37
145,76
198,901
83,670
74,659
166,6
48,151
15,510
146,150
101,173
2,104
6,131
101,417
71,415
33,584
144,83
63,281
103,526
151,435
169,518
96,526
185,704
5,228
155,797
162,466
1,802
130,83
163,27
24,664
27,651
24,582
127,822
157,508
65,861
62,62
14,849
42,540
104,772
137,50
13,221
49,272
135,960
107,550
27,626
146,314
200,24
180,324
158,645
18,946
164,454
179,455
16,232
124,487
186,251
41,39
70,108
128,974
171,158
195,660
137,530
94,4
126,104
64,653
110,654
88,4
117,557
66,915
131,671
180,108
177,756
71,483
21,730
59,14
25,573
22,645
85,621
27,959
2,13
92,517
82,565
19,546
144,494
31,776
119,410
180,741
175,306
44,442
198,373
53,994
120,998
68,492
49,691
25,815
54,164
192,588
54,490
20,556
42,612
147,770
181,231
67,79
7,891
69,581
96,9
119,711
45,748
74,511
197,934
68,631
108,296
22,605
106,504
82,398
19,117
170,577
43,906
96,178
176,77
63,985
195,741
95,547
68,532
196,757
34,483
104,331
184,663
43,828
143,619
33,191
56,668
26,588
168,545
144,232
47,819
60,919
66,229
32,896
146,439
96,517
65,231
48,941
79,270
21,634
157,87
152,867
144,186
83,750
45,813
147,438
99,101
164,372
98,834
180,908
82,901
97,478
110,79
5,95
113,750
24,940
97,509
61,736
159,996
47,581
116,551
158,308
44,540
130,321
170,553
100,846
141,211
8,172
52,226
73,960
33,727
86,580
124,266
152,597
142,901
98,339
78,243
69,380
188,334
115,408
182,174
61,709
42,764
49,281
120,572
15,182
72,856
41,853
164,305
193,707
17,260
120,224
143,715
52,240
186,338
61,28
198,322
91,769
177,237
77,343
88,472
83,873
37,365
69,383
120,226
5,103
33,405
191,959
55,871
123,270
38,594
102,135
89,761
188,688
145,612
145,639
132,955
153,569
198,696
136,591
188,495
57,327
185,428
69,435
36,355
135,752
22,13
61,681
119,28
191,558
110,116
8,655
121,417
37,167
93,146
96,929
28,324
72,667
76,12
16,64
52,662
12,117
44,773
187,240
17,23
94,520
166,643
146,166
194,344
97,35
32,280
166,140
45,756
42,125
158,72
54,426
176,665
124,866
85,393
184,582
79,711
80,219
48,905
145,953
154,48
57,256
11,213
14,864
138,199
116,629
197,888
7,763
129,686
30,296
119,294
148,531
114,405
78,238
149,160
192,225
51,881
76,154
90,801
163,704
28,446
166,601
170,758
84,840
135,876
196,727
117,30
58,19
132,710
159,458
6,149
127,200
164,286
108,868
138,557
99,281
167,102
48,798
21,26
133,146
183,125
12,382
148,91
53,431
29,644
169,1000
170,651
130,745
45,643
200,228
73,381
54,676
114,868
58,721
106,930
152,449
22,919
76,323
40,304
193,428
115,671
165,831
107,621
29,607
46,250
70,272
104,586
178,253
125,25
181,157
75,183
11,44
133,527
83,688
127,624
112,234
125,144
146,735
32,854
174,305
154,839
199,186
7,319
200,365
61,317
90,849
92,429
135,633
199,580
44,913
158,214
64,605
161,539
33,321
100,289
25,943
96,329
126,781
115,66
20,954
143,368
61,235
139,832
74,606
29,481
71,684
44,893
26,569
67,288
73,847
27,593
76,131
135,46
194,37
23,174
174,646
136,728
197,652
114,197
142,877
184,671
1,745
194,25
158,590
31,640
120,715
81,284
58,791
2,79
58,565
162,95
141,460
160,626
186,514
168,157
99,571
68,134
176,157
183,492
77,320
196,132
29,509
120,945
105,533
116,837
94,106
96,940
181,921
14,932
29,390
100,593
149,126
163,797
38,740
58,766
72,178
140,370
166,915
184,643
152,212
84,961
48,429
163,41
113,873
182,215
72,30
127,899
45,591
122,762
84,292
163,330
145,117
148,415
174,931
91,730
143,475
10,476
22,46
16,228
105,643
22,824
159,990
141,741
173,918
73,901
176,498
174,580
146,545
191,35
94,149
74,981
113,571
135,392
66,126
23,927
81,542
23,809
200,331
61,519
175,479
167,763
104,988
54,612
75,289
179,928
169,734
61,836
196,30
119,60
139,804
21,268
133,279
64,463
17,553
109,707
164,821
155,614
151,673
130,523
195,373
68,620
193,602
116,156
182,822
60,292
97,190
183,372
117,322
199,745
19,400
44,450
200,943
75,736
132,817
156,865
131,331
60,28
139,354
87,723
134,78
57,321
7,549
199,289
16,229
38,76
54,752
114,635
7,260
12,589
167,525
75,589
136,833
8,868
105,271
144,336
34,200
94,645
85,789
156,977
175,255
99,343
172,611
86,904
56,974
81,279
166,42
111,810
177,142
36,399
106,502
194,841
148,519
114,720
152,391
69,490
74,342
113,431
130,972
80,674
23,570
12,997
187,94
158,604
101,947
167,919
8,107
186,698
54,154
108,718
61,313
195,319
165,959
141,466
61,995
19,9
45,36
66,48
169,20
89,969
163,943
186,152
35,274
84,945
163,657
105,845
7,161
197,56
52,709
42,455
178,202
157,957
34,337
76,471
70,89
39,137
184,11
73,478
99,482
33,937
35,636
144,569
165,713
135,360
52,594
88,805
74,935
86,192
110,13
172,469
160,299
153,899
119,496
196,508
136,788
45,902
64,208
85,334
135,639
90,507
70,22
181,965
142,677
123,326
144,487
200,712
87,673
70,73
73,858
125,396
165,858
183,778
105,715
57,353
159,816
179,359
53,373
93,738
39,962
19,701
112,308
31,391
63,405
1,151
163,377
168,84
105,184
128,83
15,756
61,458
198,334
198,395
88,597
61,684
31,82
51,458
42,449
151,467
69,121
113,183
149,434
70,712
174,673
131,324
69,181
124,763
53,547
176,390
123,609
42,714
137,14
111,762
33,736
193,10
121,414
141,89
52,664
80,76
27,699
163,437
41,908
80,391
103,929
169,613
21,808
140,717
56,54
158,944
158,595
36,8
110,331
172,65
200,696
96,314
64,306
148,522
149,449
154,662
57,962
142,194
168,137
126,245
61,274
40,67
59,363
100,286
40,1
197,122
154,173
69,926
70,966
78,2
163,78
80,620
9,910
56,26
43,9
17,671
180,292
61,974
200,320
13,369
138,888
53,649
160,14
190,116
86,39
16,501
81,613
10,279
133,958
6,298
121,333
153,569
44,906
22,152
173,815
77,196
178,494
197,771
12,226
161,148
66,674
45,274
146,225
106,45
38,499
57,479
59,538
7,611
11,700
137,450
29,463
17,786
25,916
117,935
87,496
97,147
132,71
26,803
51,263
67,644
120,578
170,890
52,486
96,472
124,243
51,518
175,476
184,550
171,1
135,823
77,239
127,660
166,254
158,712
86,972
192,964
77,941
133,977
95,468
58,955
159,877
68,221
168,872
51,181
67,228
133,827
188,576
78,776
80,552
184,912
18,153
75,347
171,662
111,120
145,625
178,301
150,763
147,651
41,762
145,14
107,201
42,369
171,841
121,204
15,738
185,730
113,434
197,791
114,646
2,806
22,298
163,231
50,866
61,314
115,469
185,253
88,782
122,879
40,735
185,445
13,965
38,647
198,126
106,147
171,50
192,502
181,423
30,434
50,406
25,572
92,217
31,595
59,975
25,935
83,566
55,91
19,636
194,737
146,319
126,643
174,808
80,730
197,676
52,801
109,672
117,109
191,592
87,180
119,919
120,764
47,866
114,414
126,329
190,343
142,386
144,141
167,562
97,125
29,147
116,736
147,745
89,966
119,268
79,953
54,811
166,891
134,694
111,26
121,797
112,414
24,636
62,910
145,439
89,771
138,251
48,434
71,292
174,77
145,88
79,685
19,571
123,224
128,971
113,169
104,517
122,879
26,95
156,643
2,325
33,753
155,259
173,913
135,45
58,68
56,233
94,585
113,891
69,989
173,108
170,743
188,284
185,33
59,855
68,769
185,367
161,657
80,529
174,907
146,496
12,782
60,312
140,566
161,281
57,706
36,67
65,59
90,250
138,524
146,772
28,823
199,708
156,236
32,801
198,572
109,580
126,483
7,788
114,670
100,107
53,596
123,443
59,73
75,910
113,109
47,455
13,482
169,699
109,578
189,43
13,58
173,723
62,23
153,493
172,593
85,972
154,208
152,636
74,280
17,721
93,101
158,910
79,807
3,799
88,87
12,138
22,424
169,572
129,726
33,242
92,747
112,949
49,280
79,114
166,280
188,841
67,892
139,366
67,844
158,66
133,1000
81,720
116,687
145,641
23,164
21,314
183,934
198,565
173,763
38,687
186,997
93,860
55,786
49,459
29,402
190,598
33,956
49,203
54,988
61,286
99,579
195,114
90,27
94,145
114,718
62,346
187,526
81,826
150,248
179,881
64,645
181,376
67,195
176,215
113,424
1,442
189,7
17,125
68,713
91,934
65,206
32,6
118,677
28,859
187,367
22,802
16,315
152,69
79,430
197,2
191,487
108,303
25,119
82,460
15,919
179,115
170,637
178,573
123,797
24,596
144,577
97,277
125,719
8,453
152,390
137,328
89,790
40,540
65,802
27,175
120,882
146,981
38,538
126,301
49,842
161,928
143,788
145,626
196,231
65,724
132,848
27,872
18,269
80,756
49,822
149,549
90,608
115,341
74,562
12,793
90,598
108,792
178,246
26,265
162,775
198,438
12,711
190,719
6,593
68,370
9,958
22,423
78,426
38,964
20,539
65,759
178,370
80,89
58,124
70,516
5,854
55,467
154,858
40,6
90,628
19,316
10,264
128,978
80,597
177,338
18,734
114,594
137,85
177,863
87,100
144,2
56,552
38,629
16,19
33,884
63,668
119,7
102,510
131,523
141,695
18,489
129,974
131,422
29,928
163,861
31,877
173,133
191,3
105,691
96,928
127,604
173,175
158,962
12,289
199,921
159,752
73,744
54,901
11,293
116,895
28,875
52,706
198,959
160,749
152,996
146,618
107,439
28,739
112,137
65,692
176,647
36,37
5,98
153,521
110,790
110,503
104,411
179,724
39,979
77,113
58,492
105,334
72,913
142,217
7,968
157,664
38,864
10,68
14,351
31,211
16,958
74,247
123,721
159,77
85,402
142,425
33,731
166,2
87,392
74,36
48,812
2,172
57,736
71,76
32,183
109,443
116,154
52,739
178,882
114,842
34,879
71,110
141,277
103,231
169,758
77,632
16,54
104,836
109,674
125,56
23,498
118,875
120,935
31,873
2,924
196,90
16,834
61,263
137,512
108,15
64,972
70,803
109,21
190,833
134,582
27,783
18,729
96,311
175,109
99,425
126,233
176,68
161,895
157,642
180,732
167,658
111,528
114,583
190,893
66,199
173,870
15,639
167,591
100,284
34,114
199,579
27,669
172,57
4,28
39,493
28,198
112,656
149,689
59,21
11,48
49,153
168,772
72,410
189,960
183,827
113,437
20,52
148,651
139,897
49,558
119,395
133,122
182,745
48,959
8,781
66,874
67,533
191,101
172,195
76,663
87,472
159,476
132,932
147,212
8,826
47,944
97,990
13,218
149,562
137,274
24,744
158,124
146,474
165,802
38,21
58,470
150,888
112,283
162,842
88,754
50,217
145,77
24,685
133,359
170,714
36,565
182,755
196,354
115,746
157,588
122,493
141,705
62,295
46,877
40,527
96,970
52,837
169,530
22,908
150,319
119,611
37,643
8,95
80,750
68,218
30,127
121,66
7,405
84,640
137,84
176,125
184,187
67,414
140,615
15,783
54,409
64,495
199,295
77,316
93,113
6,278
23,828
114,551
46,663
180,950
130,829
189,128
54,735
73,348
81,351
139,598
38,139
85,881
80,511
4,790
134,967
115,810
26,218
49,530
100,435
138,666
83,27
23,941
102,907
91,344
140,118
82,932
189,88
70,254
161,58
175,138
154,219
163,726
96,530
62,684
109,120
133,804
71,690
114,420
96,751
179,204
104,472
21,264
189,566
56,467
45,377
111,496
130,1
151,551
43,685
21,305
185,212
1,420
36,662
121,865
93,626
95,674
91,31
94,907
45,122
165,806
35,680
176,584
41,930
133,532
124,466
80,402
103,149
123,829
156,998
59,591
70,194
89,905
11,444
86,110
177,767
168,712
152,344
179,93
65,212
9,207
54,746
153,8
98,914
14,282
172,665
127,306
81,163
33,544
10,335
86,164
87,433
7,730
175,711
145,233
53,759
81,394
156,311
80,382
63,280
110,87
168,968
158,344
108,310
13,173
171,621
109,435
194,149
107,739
20,158
199,421
5,124
129,299
19,570
79,373
158,509
145,393
20,990
192,41
90,272
20,285
153,259
71,396
110,796
82,715
181,953
62,566
11,289
190,714
58,330
44,820
110,253
36,57
1,128
135,638
89,346
61,716
76,571
72,643
43,254
178,81
26,676
50,884
50,968
8,690
12,741
100,531
93,887
45,73
81,668
138,455
119,1
83,988
123,785
82,541
150,855
46,78
165,683
186,20
72,327
67,781
132,246
45,452
163,900
54,32
184,116
195,642
159,661
134,879
12,740
31,300
75,237
8,518
182,60
74,972
171,996
120,609
96,476
97,157
86,23
180,133
74,832
101,519
47,361
16,113
51,425
73,656
12,45
152,266
183,102
63,745
97,325
106,439
138,635
144,329
11,667
37,44
75,666
110,20
17,650
181,797
69,440
149,248
191,317
172,791
76,279
21,358
147,733
65,931
72,968
72,425
160,272
42,797
6,398
142,620
77,208
3,486
15,635
71,608
125,320
197,691
117,769
93,758
124,445
43,391
76,121
86,531
93,620
73,471
92,864
91,997
103,808
12,604
33,277
70,576
43,136
51,970
110,317
25,787
91,250
128,485
99,794
190,671
85,269
85,317
31,31
77,787
139,20
90,842
64,90
112,218
152,410
64,1
171,644
126,485
187,997
61,608
183,370
83,978
82,718
176,96
80,438
150,941
89,399
73,683
88,232
10,954
75,762
86,965
38,245
151,710
31,770
116,1
132,188
53,37
110,526
100,210
69,534
118,634
70,680
9,423
4,995
33,460
64,817
112,215
3,109
188,921
6,914
64,815
179,196
121,157
30,1
118,214
132,396
53,752
196,85
65,659
24,594
134,511
158,246
176,411
74,807
154,916
11,49
26,962
139,732
13,220
21,974
58,897
64,497
42,221
39,523
142,637
91,855
76,764
181,158
33,804
13,628
62,754
104,815
140,660
185,914
15,429
169,189
99,194
194,649
22,899
88,286
60,18
111,367
16,670
107,603
31,415
156,587
136,933
61,99
194,272
144,81
23,154
19,962
96,512
47,982
108,685
162,703
113,750
34,790
54,534
39,714
134,206
37,728
57,973
123,206
76,467
47,451
128,670
103,867
154,212
96,106
186,403
40,664
107,5
143,55
2,580
36,314
160,714
40,566
129,672
83,8
118,166
76,257
168,503
22,829
197,559
69,926
31,51
130,671
147,736
98,622
60,494
69,38
132,347
23,273
55,903
191,431
139,106
182,368
100,253
98,175
184,789
180,852
61,942
105,19
72,299
186,810
183,916
94,452
193,891
57,344
80,929
165,446
5,123
88,569
52,877
151,677
12,61
90,657
193,566
118,634
6,10
146,653
168,992
184,583
19,882
46,1
178,287
97,492
168,375
159,236
52,705
133,753
92,854
187,168
97,709
4,447
33,653
61,29
47,322
4,77
54,671
200,873
199,605
185,510
49,212
88,64
30,494
188,915
106,121
66,76
17,526
122,786
8,654
25,614
3,841
32,891
56,58
153,570
115,168
159,830
109,692
149,802
16,448
111,867
141,882
135,434
164,462
97,9
27,925
99,740
86,130
78,489
108,472
63,263
68,265
59,647
197,552
62,877
45,234
24,415
184,343
74,654
150,151
88,380
25,118
35,150
64,690
104,206
168,945
55,232
175,387
115,282
147,211
83,84
77,721
164,102
180,678
124,113
35,142
199,471
160,793
141,934
6,859
55,392
93,666
181,474
81,966
70,75
154,200
5,837
179,553
164,466
59,207
174,136
80,939
122,60
127,295
176,91
162,494
142,442
102,643
28,745
141,742
175,829
120,143
66,667
92,8
74,259
184,321
82,327
96,557
90,259
140,529
35,943
148,520
164,545
15,919
91,993
97,316
96,465
79,365
24,994
108,507
192,451
141,700
76,445
27,586
122,282
1,76
149,201
179,812
51,210
164,581
16,140
162,557
105,574
53,914
41,91
91,715
61,770
109,684
21,984
51,130
119,525
194,494
156,462
126,818
77,930
2,185
120,571
115,167
76,759
78,516
131,303
101,919
158,538
51,75
125,655
136,551
93,735
142,680
64,915
69,233
129,25
139,176
22,646
117,870
124,622
190,993
106,498
94,960
119,605
116,53
146,811
163,116
135,334
40,113
179,417
200,653
51,520
190,511
59,587
177,987
108,350
38,229
130,827
28,394
62,478
126,979
192,880
142,736
98,318
116,38
127,435
49,533
36,162
119,307
25,227
48,125
18,336
32,587
112,264
162,226
37,87
106,46
76,758
200,199
118,727
147,740
169,919
49,550
104,431
194,160
162,238
159,448
195,371
98,922
45,391
198,236
23,71
15,488
151,647
125,344
153,995
151,519
83,120
130,222
15,818
176,455
111,920
115,233
41,132
69,2
156,519
183,918
11,331
116,6
62,199
161,892
51,970
38,605
56,777
197,851
161,424
52,686
61,512
81,580
52,725
179,973
159,318
31,919
61,790
170,85
136,745
25,292
106,18
140,117
140,335
2,569
16,288
181,7
153,900
179,206
23,280
131,638
14,439
55,906
59,580
137,740
74,41
42,88
151,97
75,968
30,50
126,522
49,605
177,161
91,601
187,168
62,705
5,564
100,825
39,240
66,512
165,489
87,715
52,680
191,484
193,413
102,4
33,367
158,143
154,2
49,237
138,149
2,439
186,574
26,424
115,175
144,157
110,504
106,803
67,428
138,120
180,774
135,22
52,379
64,97
69,275
130,444
164,651
48,183
169,530
159,795
78,737
41,578
38,31
13,416
199,382
187,486
104,251
120,294
83,741
57,55
122,772
78,490
47,501
85,636
162,924
140,87
158,909
70,901
50,30
100,940
113,453
27,602
10,960
72,430
132,41
102,866
94,889
163,378
181,239
47,9
98,985
185,961
172,224
168,287
54,785
197,989
23,454
174,238
78,821
72,710
50,796
174,449
178,898
45,363
154,90
7,494
24,213
6,636
26,121
15,379
75,334
160,559
124,538
117,896
27,968
40,274
13,347
94,870
25,78
184,7
42,843
21,748
164,793
35,716
68,146
174,657
143,87
13,440
158,101
58,811
116,349
165,214
194,555
101,453
3,704
13,812
95,745
185,751
168,689
193,39
121,212
7,250
138,984
56,319
35,776
26,17
1,484
151,824
160,71
166,611
39,329
87,763
99,20
26,992
191,490
44,119
149,206
90,573
132,197
50,131
40,396
94,436
149,101
93,891
45,414
177,429
111,520
109,225
100,192
1,186
78,569
38,174
109,979
147,236
98,299
116,817
53,894
1,847
104,504
51,272
29,171
123,644
96,483
157,775
26,748
13,467
178,530
183,967
74,901
5,620
94,646
168,9
6,22
191,346
101,438
18,430
34,942
14,23
117,814
166,927
41,157
112,465
24,777
1,574
164,802
79,118
10,842
187,173
41,857
24,426
115,205
32,530
1,999
14,388
10,499
192,936
147,979
49,204
52,472
55,496
180,216
31,493
142,286
140,177
4,665
140,644
197,110
67,587
97,664
101,4
78,688
25,966
150,144
21,717
173,436
144,894
104,653
110,895
75,606
173,548
98,447
136,332
32,317
143,100
189,941
177,372
1,981
142,19
84,974
39,74
62,402
87,938
151,755
120,449
12,566
167,361
140,903
74,810
182,333
121,510
56,495
152,186
47,614
181,32
19,21
11,164
52,505
183,401
163,383
83,508
60,439
104,946
181,964
132,286
155,864
71,521
139,498
39,245
156,264
85,674
174,730
131,257
120,224
14,728
182,929
112,711
16,504
26,6
162,481
157,185
15,898
191,721
13,701
90,72
28,53
34,471
27,150
194,135
127,624
13,336
101,71
93,59
199,482
160,52
113,490
156,734
139,643
132,511
89,219
97,59
199,456
11,26
1,700
151,432
126,10
142,934
43,234
1,990
126,580
91,492
6,270
61,928
173,331
137,881
187,401
156,348
61,565
125,588
79,849
189,454
163,219
14,912
102,483
173,575
122,445
49,779
132,561
60,324
62,371
64,616
75,714
26,901
108,862
175,406
171,140
136,46
162,948
80,417
118,420
182,930
89,566
191,103
143,397
44,169
101,209
147,194
94,88
99,985
12,299
83,60
50,303
1,413
73,101
46,152
66,825
40,149
91,941
43,791
180,485
88,625
118,139
2,822
47,319
114,139
26,19
167,663
128,381
63,914
35,463
191,851
48,906
172,739
158,44
122,795
62,4
176,354
61,502
99,554
194,325
23,820
186,930
150,76
108,867
149,279
89,706
180,482
30,349
72,532
21,25
156,153
68,896
137,500
145,660
124,30
103,996
113,210
58,247
56,888
78,420
63,375
153,20
52,859
114,167
38,946
53,326
16,454
190,98
138,403
115,468
64,509
125,452
111,575
191,660
144,5
180,334
122,504
106,921
43,949
39,262
55,533
9,691
188,971
76,220
38,320
129,400
172,694
61,263
136,72
184,366
107,179
157,653
40,175
9,472
66,823
152,622
173,495
198,314
104,510
168,811
95,416
83,135
125,389
107,694
169,144
7,469
190,209
100,643
167,953
99,674
85,821
166,845
115,584
124,636
38,886
107,671
153,542
95,985
110,709
111,897
29,554
114,957
50,462
9,308
6,76
106,526
52,478
170,18
83,364
183,308
135,814
177,449
38,443
157,264
112,130
6,249
41,443
86,892
46,462
157,194
73,516
200,986
106,711
23,350
23,758
84,953
145,66
174,835
1,700
68,641
175,277
180,184
97,31
178,97
182,972
96,301
61,499
158,562
159,557
63,971
14,912
98,804
50,814
106,970
67,779
136,243
51,80
52,450
68,245
75,693
184,387
177,483
6,814
61,329
194,124
157,968
157,547
159,359
148,295
10,313
199,218
171,941
120,58
91,896
14,574
69,808
1,606
49,767
24,626
160,86
157,33
157,110
21,635
35,844
122,755
49,228
114,493
21,542
61,265
102,994
38,236
20,580
190,584
152,607
21,877
124,802
57,61
122,925
116,4
132,82
125,389
48,367
151,764
181,190
101,803
138,227
38,497
122,188
101,788
90,658
14,835
123,123
195,171
94,496
103,15
79,633
30,80
82,55
156,533
184,521
57,320
153,155
79,839
115,228
61,535
58,960
85,952
81,439
164,961
87,941
70,733
48,952
42,26
125,884
154,837
72,197
167,317
136,193
75,877
125,685
199,61
46,898
175,319
195,677
92,202
110,253
70,482
191,969
33,279
20,423
161,808
168,463
163,64
141,286
151,926
141,649
178,456
192,586
163,659
129,253
52,973
96,976
106,641
196,207
125,368
194,384
182,334
185,414
117,331
98,462
160,186
2,298
43,356
93,939
50,502
169,36
49,578
81,732
62,611
11,483
127,207
44,574
140,344
121,465
145,835
71,15
33,614
166,118
33,819
72,809
95,855
194,886
43,749
199,626
123,412
145,265
166,334
47,308
101,468
74,384
178,374
176,763
97,854
81,621
166,191
156,370
119,902
163,731
15,894
37,322
69,972
14,661
199,371
103,247
106,199
197,62
14,783
186,929
120,637
61,496
69,333
176,268
191,975
9,564
19,976
198,758
173,85
23,961
66,341
31,436
38,644
151,699
131,580
128,70
192,223
61,633
188,872
180,123
83,441
181,169
83,726
115,624
133,961
111,247
178,859
1,755
178,670
168,226
159,935
110,838
116,925
26,571
14,30
172,171
197,508
95,837
27,33
36,484
47,647
172,997
127,228
132,222
3,652
141,626
82,193
50,458
154,528
131,501
173,25
58,49
96,79
136,876
159,113
75,51
50,444
85,541
81,160
137,487
110,794
10,155
69,463
50,78
199,215
111,697
6,518
152,853
126,211
16,921
76,580
100,682
139,346
87,957
21,783
91,758
162,743
115,651
81,112
167,431
132,385
13,556
2,292
166,203
91,49
45,605
60,980
60,703
12,249
130,230
83,947
196,273
127,269
170,472
140,2
51,304
46,579
62,635
19,283
128,730
133,618
131,191
28,225
79,269
61,516
57,499
93,985
154,850
126,870
175,218
186,783
113,530
189,802
119,655
143,839
151,532
94,663
54,661
115,140
65,566
17,696
54,549
6,135
90,251
69,917
122,549
86,208
4,195
196,865
62,223
57,550
193,895
56,664
158,945
10,369
86,252
83,206
127,143
11,338
183,253
109,569
1,360
117,941
47,866
5,107
57,286
113,758
81,539
150,524
199,943
55,310
123,640
171,498
128,577
35,766
186,283
165,271
13,540
140,262
20,758
85,972
49,694
143,344
92,443
38,645
161,184
168,396
164,53
47,312
176,265
188,906
172,409
107,934
101,717
139,770
134,667
18,432
86,406
175,679
111,49
150,343
64,988
161,203
22,880
165,132
130,848
59,81
31,925
196,145
62,851
44,154
105,986
53,511
98,272
161,750
14,909
199,66
51,412
21,653
194,489
88,228
136,194
137,235
126,947
104,422
128,31
130,90
143,42
136,349
20,577
38,990
133,871
30,856
151,299
69,37
23,120
86,22
113,562
190,597
171,97
149,605
123,367
180,854
107,831
179,75
103,371
99,968
10,651
21,725
7,605
151,386
10,706
76,429
42,840
135,276
80,185
108,934
115,958
9,231
105,124
127,356
61,552
47,270
13,546
41,941
77,118
193,500
111,559
119,648
1,706
161,812
88,993
153,975
165,208
65,542
156,816
42,91
111,414
80,224
153,594
172,156
49,811
46,364
147,687
108,931
194,149
183,537
29,232
70,657
36,328
135,705
129,682
6,793
92,105
66,54
182,713
78,490
159,23
78,447
179,668
55,873
38,964
113,925
41,305
160,373
160,506
65,577
5,906
66,1
101,253
122,657
104,878
85,863
108,647
94,599
67,690
34,992
197,915
6,504
9,123
190,50
164,726
2,119
142,341
17,942
48,96
128,580
131,517
102,59
51,870
138,706
100,994
86,885
92,886
82,907
1,733
170,327
50,912
5,695
29,95
158,374
77,635
18,931
8,381
66,243
124,634
79,124
110,535
118,7
195,463
180,709
146,629
200,611
125,369
18,771
113,133
37,135
122,267
135,806
20,545
170,846
199,12
3,397
47,344
35,250
184,692
17,906
112,562
77,425
181,456
138,411
113,369
176,820
24,119
109,726
62,804
161,663
168,138
29,534
56,716
40,645
25,859
64,736
51,343
177,407
97,181
71,150
77,273
114,483
10,355
118,119
99,769
164,565
104,614
13,892
125,138
186,477
50,362
200,842
60,943
12,107
25,838
76,888
50,100
39,315
96,237
85,824
193,24
55,539
123,162
118,881
164,635
12,268
141,544
10,273
112,867
133,312
153,8
123,338
150,462
37,387
78,443
38,202
1,659
192,62
20,821
138,646
192,406
72,306
16,204
22,535
124,876
97,570
192,426
50,536
134,851
62,994
197,543
22,564
94,870
82,578
71,339
191,282
174,754
186,502
20,351
184,972
185,742
137,232
65,326
126,671
55,880
141,566
160,836
124,788
3,703
127,679
32,714
67,643
175,883
2,556
27,938
102,505
4,565
177,611
164,354
125,586
81,508
159,635
44,139
47,241
162,943
164,187
157,670
110,260
95,440
198,174
175,541
108,571
192,776
43,31
88,908
24,582
164,326
148,666
145,982
112,463
159,465
163,434
58,41
117,51
25,570
135,746
67,47
6,282
85,61
6,447
200,361
151,412
131,578
197,483
96,805
140,449
23,269
138,811
182,282
76,39
196,261
118,969
30,675
174,722
174,243
172,717
34,377
121,827
73,807
174,729
153,272
17,788
147,183
38,156
196,152
111,911
34,578
46,340
197,626
179,50
109,17
120,849
34,870
22,266
194,315
186,855
132,667
32,380
129,829
133,64
42,440
45,862
52,279
112,612
24,797
86,329
30,500
169,271
198,569
176,327
16,818
89,185
194,641
186,720
46,959
7,99
88,105
149,49
52,853
106,887
22,639
175,698
135,413
28,48
132,948
64,442
180,458
104,285
180,689
147,381
61,395
186,557
190,111
41,830
94,327
62,845
148,327
53,635
61,22
163,810
38,176
134,66
69,549
90,572
3,449
48,3
179,864
47,257
130,3
189,914
187,84
74,485
187,608
107,455
134,359
178,733
127,266
166,486
11,696
56,347
3,212
156,213
150,379
89,644
189,732
62,381
129,166
76,149
98,676
60,367
107,111
82,785
3,695
79,641
178,297
95,483
184,461
97,314
44,889
175,87
114,597
76,574
42,403
174,929
40,405
21,386
101,219
72,175
5,955
172,399
43,806
28,945
12,450
61,864
125,627
11,459
78,247
52,231
25,433
15,432
4,424
76,3
9,600
152,617
60,132
20,720
165,389
3,106
98,2
107,761
174,292
66,36
129,688
87,487
43,557
167,702
131,95
21,186
8,110
32,206
71,719
137,106
109,573
153,106
34,824
17,818
1,676
144,794
35,976
53,374
117,411
48,910
112,359
162,102
130,148
5,947
180,231
111,609
79,263
113,128
34,967
9,457
110,438
60,890
200,467
110,459
139,741
186,217
17,316
68,638
154,965
174,210
29,886
145,344
135,915
159,921
178,408
25,980
108,365
182,986
19,442
175,599
159,193
11,384
109,136
46,937
54,542
100,955
72,515
141,479
99,975
2,562
151,373
156,436
28,339
110,164
62,558
43,374
15,557
96,715
62,826
169,355
33,780
46,708
102,282
39,845
158,830
148,660
41,314
10,361
94,740
52,376
200,543
128,770
67,959
160,262
110,319
52,290
7,390
103,228
47,724
195,761
135,985
168,568
112,465
11,889
110,745
99,964
133,253
98,137
63,145
194,68
23,272
97,235
115,30
118,490
57,747
27,679
34,5
141,768
40,782
76,636
22,444
17,220
15,264
49,15
53,57
79,207
173,508
47,923
185,291
23,812
121,952
172,330
8,571
168,84
58,386
180,631
29,180
106,230
59,445
181,863
134,27
75,620
121,922
177,28
41,323
133,269
138,86
140,261
80,416
152,458
52,464
138,735
164,660
125,618
42,121
115,734
83,2
166,863
161,378
4,913
178,377
144,178
29,749
99,207
116,141
128,588
42,126
104,279
50,431
33,447
108,463
87,357
92,830
103,163
108,382
33,882
40,783
134,889
126,446
171,35
34,700
133,870
119,6
84,884
46,984
39,865
130,580
114,814
97,996
118,845
192,463
55,1000
5,899
68,309
39,698
8,939
11,791
19,577
76,70
30,76
60,741
54,649
174,265
195,627
41,33
140,295
171,797
197,417
30,56
34,183
167,256
110,87
168,29
144,521
147,473
17,997
167,72
13,781
73,609
99,382
104,509
133,822
178,369
32,975
65,761
152,637
24,663
198,72
148,167
40,240
163,398
189,527
112,203
135,648
165,427
114,116
41,293
198,509
50,104
74,205
124,233
83,559
110,330
177,221
21,275
12,208
199,238
62,709
72,423
147,851
158,440
138,90
27,916
95,725
8,371
109,123
19,132
86,557
127,42
72,866
144,552
22,255
24,528
26,732
130,801
197,74
151,129
142,128
31,324
129,356
158,666
165,842
167,370
156,690
134,291
117,41
110,642
57,300
83,31
185,514
12,220
100,322
21,291
139,71
43,520
165,169
184,565
194,527
147,697
133,82
11,553
36,702
191,50
119,362
82,635
97,599
39,177
194,556
10,716
19,135
25,965
190,968
185,105
115,740
138,993
13,116
110,188
152,423
188,316
15,541
127,345
144,24
146,145
159,309
28,734
131,495
123,884
104,37
1,682
103,915
158,713
15,645
55,295
138,158
31,56
189,19
153,369
60,70
17,141
29,33
76,202
170,684
46,469
159,364
199,297
129,642
66,192
134,474
134,151
178,337
121,99
69,900
108,771
31,415
38,404
172,287
76,668
159,939
75,701
199,579
91,680
192,916
84,475
22,115
73,218
7,647
173,726
26,320
26,707
60,847
190,553
154,931
170,12
149,234
46,395
153,572
198,668
63,629
82,168
69,42
173,992
102,694
19,864
144,852
172,591
141,858
103,875
187,347
131,585
77,210
120,605
60,193
197,640
168,891
105,714
199,388
86,563
33,989
23,259
37,541
26,224
118,347
140,823
102,250
145,926
192,137
70,267
174,240
52,974
75,231
109,250
122,183
89,478
73,732
120,978
105,655
147,637
113,677
82,534
51,143
38,72
155,852
30,877
65,535
10,330
63,326
76,97
67,419
117,102
182,116
84,575
58,356
14,613
163,26
65,844
51,574
30,740
66,329
46,814
150,426
78,606
150,150
46,361
134,150
89,373
103,383
18,545
156,893
26,883
59,845
5,988
76,57
113,849
54,206
182,689
163,271
187,221
160,315
151,786
127,488
156,196
73,874
43,10
118,911
53,170
100,849
27,950
107,216
65,458
104,689
181,867
153,933
65,216
56,90
104,58
55,770
3,898
138,436
18,137
163,9
142,831
26,760
181,96
198,237
16,119
91,448
80,906
170,184
198,721
77,85
80,555
37,72
76,133
11,734
27,748
100,324
116,793
100,242
134,674
190,106
172,484
50,787
87,973
184,628
147,236
24,334
109,977
145,708
24,562
91,392
119,827
199,708
124,990
86,906
154,863
80,751
29,26
73,112
69,665
58,809
66,315
53,729
5,698
151,440
93,987
77,727
132,118
161,572
193,850
180,635
52,35
30,448
117,796
61,346
153,118
106,366
16,788
38,336
79,459
113,913
154,371
6,187
23,762
161,160
161,800
196,552
187,509
132,138
10,464
62,273
127,383
8,166
162,659
26,896
25,320
95,985
123,758
131,202
103,710
188,747
16,272
119,531
7,408
139,763
133,575
48,242
146,510
190,511
118,775
134,111
8,517
122,746
88,45
31,138
67,506
183,790
82,13
150,909
12,882
6,502
150,982
131,670
168,520
8,821
39,60
157,999
131,365
47,90
199,578
37,667
174,234
70,120
83,513
145,631
60,692
73,251
91,571
26,811
47,255
100,235
13,580
5,36
74,780
120,820
90,630
80,530
116,209
91,156
50,981
179,657
41,448
78,444
197,296
150,819
138,264
79,402
186,319
60,885
186,547
137,376
122,948
22,571
162,320
142,419
170,466
145,433
12,196
40,274
38,2
41,781
121,61
134,637
123,522
111,738
171,361
190,10
53,734
48,160
49,626
187,910
192,949
90,320
25,21
117,906
118,936
185,818
85,777
180,738
145,836
13,883
138,620
8,718
31,736
117,446
80,990
153,129
148,478
191,861
67,1000
114,744
110,277
16,987
15,873
13,46
73,2
116,264
184,882
53,939
17,830
129,609
91,334
67,496
38,414
87,937
3,707
75,173
141,53
155,201
48,291
4,783
112,542
160,290
105,173
199,510
122,946
195,131
15,376
64,683
71,625
160,76
200,75
6,882
88,931
21,502
96,479
88,690
176,371
79,418
165,312
26,816
89,988
59,956
154,499
24,759
80,411
123,85
148,662
6,656
157,517
1,591
21,976
73,4
111,196
156,314
189,556
114,101
180,869
124,230
131,19
40,22
126,795
36,67
116,689
109,200
115,670
96,866
106,851
16,333
165,984
168,610
121,581
192,826
121,448
5,135
16,281
26,345
21,115
199,623
83,935
104,216
156,815
79,468
174,145
38,443
183,91
48,231
52,558
85,231
137,719
116,447
10,650
149,454
123,309
84,903
157,688
89,2
92,747
136,75
130,577
69,888
50,152
47,485
182,715
188,239
174,312
51,279
14,859
153,446
33,763
137,615
156,841
169,71
191,356
41,493
58,470
41,692
138,393
192,838
92,261
45,307
179,974
41,456
48,768
172,255
79,555
56,782
55,245
61,173
134,929
119,422
27,253
139,619
197,357
85,549
68,692
54,447
100,477
162,254
171,533
6,185
157,470
33,807
26,425
93,378
181,153
24,12
181,513
180,545
66,492
19,715
68,415
3,622
49,538
2,23
91,335
144,873
117,121
24,392
83,363
170,486
65,962
157,557
87,922
194,498
174,337
67,649
13,222
91,859
35,82
37,520
171,102
170,408
169,275
8,892
23,639
158,245
16,969
182,74
181,626
117,129
129,539
23,430
119,558
165,307
47,708
167,580
66,17
28,338
127,325
113,255
125,437
64,743
28,550
119,756
163,626
12,146
165,508
186,740
80,417
137,375
193,211
5,459
196,9
63,679
187,929
130,241
69,396
2,210
166,728
12,899
86,548
18,409
157,265
115,366
87,625
101,461
31,750
60,641
36,40
97,214
124,381
178,13
127,512
21,872
179,144
150,317
46,178
157,247
52,220
39,955
28,67
132,342
150,761
106,831
32,140
62,518
32,502
35,861
178,805
190,445
48,239
44,755
143,660
59,874
181,293
124,914
92,216
27,912
198,368
74,529
162,243
37,389
24,464
35,400
81,606
67,233
199,398
53,638
161,543
63,629
126,241
56,367
107,640
198,302
146,115
182,784
96,250
53,201
132,142
54,312
88,385
154,118
64,238
24,990
194,811
183,465
7,236
23,798
17,862
139,247
8,684
18,769
182,689
122,271
44,665
137,870
77,326
93,301
30,658
131,104
13,925
68,145
167,371
152,254
153,786
158,471
56,687
134,426
51,114
167,388
9,927
154,345
132,445
139,917
94,911
165,812
132,870
123,487
196,41
151,69
176,510
161,287
109,729
155,746
92,250
82,285
34,754
147,261
133,486
129,692
180,156
124,519
187,964
39,920
167,759
133,834
109,19
78,278
132,566
82,117
150,528
122,701
153,54
125,231
39,435
142,788
39,623
198,111
194,585
5,44
140,801
116,544
16,834
172,681
52,130
169,201
108,23
74,269
145,889
55,892
113,309
154,280
149,495
72,981
191,8
58,260
76,220
71,137
148,596
182,151
127,242
16,383
132,561
99,685
183,634
167,346
9,773
106,705
187,302
99,993
196,231
78,444
35,324
39,517
189,713
31,690
166,523
19,689
58,350
118,778
10,789
144,261
151,455
83,767
120,269
49,487
115,17
86,465
116,734
148,33
140,882
126,756
98,67
56,390
25,907
51,313
91,220
97,918
110,44
41,714
152,182
94,349
172,637
112,466
200,323
190,8
47,352
117,281
35,614
195,38
190,335
129,64
64,773
132,135
67,400
101,609
54,406
91,30
188,943
146,880
140,40
100,391
189,17
95,517
63,230
48,781
173,562
46,460
180,197
55,619
164,314
94,337
27,688
132,882
16,479
3,500
6,949
200,16
136,6
33,288
25,619
21,565
42,684
132,52
7,810
38,426
47,512
53,127
83,922
130,980
178,136
99,86
11,579
185,582
160,718
100,437
3,571
158,21
162,780
195,750
69,328
81,599
76,813
69,707
134,99
173,383
37,372
1,493
62,247
119,373
84,219
56,779
179,554
122,331
15,943
193,889
168,594
9,227
181,298
122,826
31,434
119,893
43,64
108,931
69,296
155,480
150,574
96,345
90,696
164,653
55,933
132,967
13,871
141,348
127,463
146,23
57,879
87,19
58,40
167,253
49,566
22,851
126,240
147,228
151,341
14,54
70,414
195,578
6,698
33,199
45,381
52,857
30,118
190,80
47,618
183,936
39,193
156,781
140,303
72,973
165,534
61,394
31,653
143,946
70,193
103,863
200,647
103,634
137,763
50,588
106,577
84,676
58,773
116,877
82,814
20,793
175,501
176,131
46,416
119,648
28,432
113,405
118,475
117,696
55,713
177,476
135,120
121,192
69,432
189,819
25,180
20,111
42,383
180,34
193,122
59,197
127,604
169,23
120,65
87,868
126,41
152,516
3,163
18,972
148,687
164,631
196,796
163,164
34,735
87,315
125,989
165,102
140,139
190,425
53,192
189,371
15,19
167,123
91,805
3,243
172,494
177,459
145,930
40,690
120,545
121,707
147,446
38,501
115,505
121,340
141,119
190,814
124,842
14,82
42,474
116,471
55,917
8,626
69,695
185,492
126,286
151,24
45,767
130,323
122,867
54,946
179,2
36,103
143,65
188,813
113,325
120,451
138,647
20,206
198,320
82,409
127,16
56,450
65,141
111,314
165,954
140,509
131,703
42,269
131,358
2,176
120,93
73,292
90,149
47,674
198,590
51,299
106,299
168,826
199,922
5,61
92,480
74,313
127,873
128,11
39,291
89,472
192,45
19,785
75,863
61,392
123,555
58,180
91,100
29,633
21,412
78,125
20,404
161,908
135,932
198,504
87,286
32,621
175,416
198,340
126,46
19,992
101,187
99,165
184,235
99,417
43,644
178,192
133,174
137,371
51,979
145,237
61,95
146,800
103,953
165,84
176,442
48,205
105,806
143,218
21,127
83,969
152,868
113,96
145,952
55,704
97,82
133,608
137,346
58,543
166,151
125,385
17,817
190,60
182,195
84,913
163,323
89,432
81,21
123,341
195,541
134,902
36,496
74,684
34,715
120,860
47,546
161,807
174,626
77,97
16,227
175,534
174,253
52,355
88,535
184,492
49,263
46,357
192,510
197,650
185,64
2,859
109,395
61,978
162,165
112,930
191,431
164,683
131,987
157,739
172,546
17,177
167,120
120,44
84,600
146,739
133,822
190,768
72,691
110,542
81,161
54,563
166,408
199,715
185,214
56,413
89,637
109,794
176,689
81,724
24,10
17,269
187,241
145,45
108,301
131,375
184,901
114,636
101,490
75,286
12,819
150,514
21,676
189,460
24,645
66,685
123,612
90,414
113,79
134,163
31,231
27,997
116,341
50,89
176,652
40,868
61,672
125,158
59,232
124,279
26,973
136,190
17,912
105,1
55,238
185,406
68,854
183,561
21,655
125,492
19,885
195,312
29,735
104,237
32,269
140,858
147,607
100,295
115,712
12,960
171,253
47,762
63,728
151,687
153,890
67,604
18,429
54,124
146,272
175,627
24,423
196,509
113,172
162,155
70,276
97,480
187,892
59,2
104,743
61,100
189,113
182,729
94,789
131,216
169,78
141,420
26,348
192,318
66,295
69,593
97,370
56,403
63,506
57,272
144,336
92,609
154,474
115,161
186,774
7,439
168,101
63,147
158,308
22,234
171,885
197,957
9,870
171,374
161,392
39,937
135,69
5,142
33,803
1,771
175,299
13,349
15,15
67,945
89,221
58,734
138,15
147,394
67,42
90,622
175,190
149,360
184,853
69,561
69,684
3,868
164,915
15,344
87,531
128,728
11,719
12,696
101,591
10,205
99,786
26,566
39,385
161,458
48,961
128,679
30,959
86,141
66,196
24,997
86,355
12,577
147,804
62,77
80,827
81,903
29,397
109,474
62,799
160,815
164,486
152,322
46,341
74,474
129,466
77,816
92,431
50,936
75,730
164,448
145,190
161,214
144,173
45,109
34,131
192,758
48,195
98,521
85,248
98,549
28,602
91,820
189,737
174,573
61,583
95,409
40,111
66,778
151,139
122,62
10,422
71,191
144,237
26,483
52,950
15,335
196,361
97,907
57,779
155,224
180,56
89,716
96,12
149,181
86,608
193,637
102,247
149,899
19,865
20,400
146,668
110,443
18,661
83,720
17,248
16,349
21,246
167,324
48,489
52,463
190,730
87,914
78,989
119,228
73,991
195,349
78,753
83,623
47,58
184,594
113,646
130,128
69,518
184,802
182,490
170,312
90,872
91,273
143,206
162,535
87,372
100,895
135,36
139,663
137,16
11,876
184,395
63,134
102,458
53,115
88,615
4,131
67,417
108,718
52,925
108,343
195,152
101,363
95,311
33,744
8,620
122,971
126,386
111,424
23,996
158,178
53,13
14,210
167,875
178,183
119,234
51,158
120,41
97,52
189,689
73,282
37,811
154,832
116,361
73,572
128,484
73,614
200,926
55,706
116,902
28,706
128,68
106,502
138,746
133,92
114,842
130,184
70,934
73,544
70,730
71,733
17,923
57,297
2,906
40,832
175,856
184,535
199,113
7,537
98,549
125,872
166,239
41,373
161,228
127,812
194,718
125,824
145,768
147,335
192,244
130,936
26,548
111,830
197,344
144,736
50,680
113,167
19,475
38,415
93,587
13,24
11,629
161,16
77,433
12,77
78,468
168,207
198,155
131,477
69,313
169,892
2,647
144,71
182,291
61,381
185,269
33,858
16,787
131,867
120,988
60,869
98,363
62,927
194,965
12,224
10,719
5,233
188,392
32,453
185,415
84,288
131,467
16,211
198,353
93,327
7,798
175,430
25,340
46,355
179,567
82,188
59,170
171,190
146,361
190,243
35,490
121,469
194,984
172,755
18,72
104,687
99,737
10,197
106,212
109,396
106,737
28,441
94,47
46,271
27,692
169,532
118,907
42,10
25,773
66,61
14,58
136,676
81,835
160,852
82,648
190,453
179,785
188,253
185,263
95,367
117,569
25,133
46,858
87,896
121,473
71,678
152,206
119,605
139,192
200,700
180,172
184,996
9,126
41,608
154,761
100,331
195,500
55,915
63,660
126,718
69,834
143,751
99,196
134,745
54,873
60,785
192,245
70,309
111,413
113,504
6,685
72,960
141,850
173,822
121,302
93,658
170,673
114,109
39,282
21,589
15,81
44,355
146,971
41,94
199,127
143,788
110,629
144,993
37,693
162,214
16,920
79,492
61,918
93,800
181,817
5,252
86,339
100,472
1,980
105,87
197,387
180,501
164,156
189,401
146,568
176,616
164,332
1,873
103,69
113,124
103,700
25,844
93,180
163,301
196,491
121,117
115,155
149,772
74,498
156,723
153,582
135,658
200,753
41,82
24,305
112,79
121,641
114,840
71,907
88,6
80,339
105,341
99,736
7,765
64,447
183,102
101,839
21,737
11,210
118,825
146,515
5,811
199,918
15,528
154,959
148,123
126,621
118,814
63,795
6,11
57,410
16,138
20,555
127,488
53,810
190,358
153,732
163,687
94,338
43,907
87,817
38,346
2,17
40,355
173,267
46,984
160,912
50,96
103,768
62,571
29,543
21,167
184,256
110,846
56,746
109,867
13,341
50,921
109,236
91,53
109,465
188,553
110,264
182,300
64,973
55,605
92,758
53,510
125,128
119,67
75,764
187,731
134,198
142,378
23,406
148,750
58,351
125,6
118,962
90,751
119,749
180,599
28,617
78,369
122,538
139,230
6,87
142,703
81,698
131,940
181,746
90,23
185,751
68,642
60,646
99,228
189,345
117,194
28,443
59,585
190,509
26,125
63,727
95,380
174,96
106,431
136,546
21,619
64,303
36,310
186,873
126,839
141,443
107,487
110,505
111,915
174,235
147,83
66,80
107,69
59,390
130,275
71,549
135,901
104,884
24,220
55,246
47,597
3,486
110,167
47,708
35,319
62,764
59,721
116,744
9,112
25,984
158,940
29,342
117,72
47,614
191,151
40,273
9,221
81,304
149,360
183,421
33,174
69,260
91,493
200,709
199,187
196,602
116,85
158,987
146,725
75,400
154,484
174,365
40,505
132,156
20,599
25,611
37,197
144,836
49,549
162,581
71,698
92,408
191,700
83,514
64,393
13,833
78,52
36,213
24,172
50,767
127,869
38,658
113,801
84,76
4,438
155,531
107,709
116,7
148,666
112,487
200,424
123,529
142,106
118,632
156,639
118,40
171,137
29,361
31,470
137,304
95,962
38,649
7,573
165,77
62,631
160,450
73,367
93,182
16,547
40,58
183,593
116,759
90,458
174,627
48,303
96,725
58,740
16,172
66,195
71,368
167,432
115,485
144,632
53,559
79,28
150,124
17,365
72,586
58,148
100,90
179,34
108,101
15,277
175,712
8,580
198,103
169,930
25,940
148,443
122,764
16,283
20,941
15,808
44,523
77,622
186,221
44,627
127,953
150,251
169,40
3,562
96,961
111,468
185,237
116,56
19,657
45,786
136,280
152,100
100,478
53,340
68,427
49,845
131,111
110,342
14,95
194,717
195,973
164,813
185,623
29,409
128,50
56,560
175,288
2,809
93,789
92,908
87,257
76,127
43,879
179,448
171,511
57,627
42,287
126,163
142,236
115,126
176,305
58,711
61,259
55,209
37,150
142,894
145,649
129,96
20,38
45,427
190,490
114,912
91,385
143,755
56,849
42,373
176,988
181,194
71,891
32,403
148,383
1,582
37,667
139,942
27,439
142,725
19,557
140,743
123,138
131,335
153,914
97,46
93,990
185,769
34,772
199,18
132,805
32,789
73,535
181,482
132,74
141,302
29,834
4,723
39,895
137,821
191,237
56,965
166,125
39,778
193,949
16,26
177,674
96,924
142,579
109,279
176,547
156,469
154,834
107,853
170,803
177,470
179,519
20,577
119,751
37,295
35,511
26,858
67,175
175,100
1,232
27,575
190,436
186,892
191,737
113,879
123,590
200,238
76,16
142,480
135,689
77,633
117,359
39,404
41,522
182,366
50,704
55,711
54,247
146,53
46,273
21,318
107,730
50,52
94,487
141,49
91,13
180,897
116,846
138,541
152,91
105,31
21,190
6,700
61,367
110,333
111,327
176,934
198,692
65,24
98,614
156,229
138,560
18,900
100,59
53,434
14,825
48,992
195,185
28,484
47,24
5,781
192,968
16,216
196,360
81,819
2,730
180,179
33,332
129,811
119,860
196,55
10,373
9,879
64,529
172,548
99,883
176,707
74,262
33,451
103,31
131,215
84,391
182,842
37,256
179,981
40,902
151,368
185,450
138,847
134,951
109,49
200,238
111,798
117,194
63,383
88,101
117,424
41,270
160,664
31,551
22,678
109,120
84,652
127,36
155,928
61,68
194,481
41,40
7,952
166,795
45,770
62,604
12,105
196,392
146,436
72,752
129,907
24,408
156,894
198,281
115,164
156,26
132,648
82,28
172,399
92,446
122,821
191,681
144,929
71,359
31,291
84,345
134,804
31,726
144,186
105,620
24,602
178,956
15,902
24,956
82,343
33,850
107,215
136,412
126,500
115,973
77,58
121,772
141,618
96,643
51,142
106,848
133,579
116,678
125,337
54,298
26,967
117,78
155,796
194,540
200,37
151,705
19,434
38,839
143,931
163,946
167,387
105,869
104,609
173,935
105,874
144,570
160,961
48,464
83,993
41,616
198,862
3,946
95,881
58,423
186,788
34,448
70,53
147,891
85,241
114,986
16,732
177,658
176,965
50,80
186,568
45,726
62,930
80,17
138,93
152,817
35,348
31,836
99,590
80,31
78,595
124,803
3,592
9,947
63,542
115,41
19,752
152,309
129,517
71,633
101,896
61,483
117,550
198,495
182,430
88,791
170,234
20,827
155,731
115,238
53,662
139,777
40,865
198,240
32,774
110,968
26,993
143,675
110,335
17,113
75,888
57,614
84,619
163,809
102,267
199,992
109,358
32,66
199,655
164,917
193,231
193,516
43,847
165,141
184,137
47,401
37,518
94,630
151,333
76,426
45,749
49,348
171,560
56,165
133,590
126,543
7,958
113,33
173,383
72,561
17,97
139,624
117,249
114,445
101,52
41,1000
93,850
83,86
40,322
130,184
41,203
26,90
100,941
76,767
91,713
29,387
159,123
33,328
146,767
149,3
13,816
65,758
36,726
51,932
174,597
39,574
145,508
123,442
179,561
146,134
36,895
19,53
5,518
42,175
89,956
167,507
96,905
64,257
189,593
20,875
53,876
99,813
32,946
22,841
16,50
122,53
87,109
131,613
20,705
93,455
88,789
120,540
50,823
136,83
182,203
182,5
168,758
153,173
74,21
10,452
26,381
116,384
1,23
165,895
48,140
94,411
125,890
88,739
62,940
44,875
77,248
144,795
122,625
45,398
124,864
82,72
41,963
132,140
36,580
50,298
168,911
80,52
24,551
154,822
127,244
81,574
102,663
44,317
114,892
21,611
58,987
65,95
190,469
51,328
133,709
79,325
166,880
97,467
194,479
164,269
42,19
134,244
195,652
200,480
45,831
171,901
90,431
42,288
21,778
158,108
157,305
89,406
135,330
191,771
104,664
21,648
110,654
105,898
54,265
186,580
143,588
76,399
99,130
151,156
5,922
174,769
57,294
30,503
79,17
1,240
70,503
99,503
152,154
68,620
103,154
123,619
31,663
73,174
54,157
97,624
97,945
43,171
63,632
198,445
143,891
198,65
112,356
84,423
47,157
106,221
2,426
74,2
26,651
172,314
119,395
76,648
84,904
175,520
16,547
72,988
133,803
70,697
77,98
89,869
62,860
142,576
56,116
197,105
17,104
58,723
149,13
198,375
62,632
139,909
30,636
174,799
98,953
11,174
16,66
148,330
70,966
174,136
200,419
103,930
28,399
175,859
20,825
41,392
30,737
61,151
104,281
39,505
5,690
190,741
145,416
36,625
162,230
192,544
154,800
48,839
67,856
104,363
132,846
189,108
196,772
29,227
165,288
41,462
65,808
114,683
74,714
93,113
91,375
147,218
112,677
71,786
103,398
72,939
4,670
23,709
179,565
76,422
144,794
103,805
142,499
19,37
3,117
132,778
135,905
175,977
44,788
78,705
33,425
71,738
112,341
185,90
88,738
36,429
3,231
67,819
107,667
86,511
120,675
190,959
162,307
160,561
120,923
29,189
156,837
78,866
91,482
73,457
39,646
99,27
141,287
1,440
58,593
54,734
170,489
196,138
78,197
11,816
182,556
33,892
157,781
137,85
168,86
193,962
111,844
149,724
144,226
159,137
144,666
199,903
15,46
132,340
89,132
188,953
146,960
186,342
179,578
53,50
82,846
189,236
166,264
156,645
117,808
30,781
155,582
104,240
164,222
199,735
36,747
64,696
146,711
141,9
125,329
161,260
193,254
70,687
179,701
6,503
12,278
176,298
81,455
69,114
151,565
53,799
91,990
89,861
58,350
179,272
53,46
19,103
81,928
70,596
81,325
174,7
111,932
97,70
199,30
122,123
154,876
137,447
60,311
192,823
26,614
35,806
51,821
172,70
200,486
19,933
157,331
120,223
35,999
177,460
176,465
54,247
186,379
46,124
83,311
109,401
50,319
44,973
160,1000
8,344
36,477
95,678
50,946
111,409
138,927
171,569
153,102
122,620
123,669
18,644
12,91
120,776
93,267
73,408
85,83
69,521
20,489
142,301
32,167
139,677
129,391
122,829
142,922
128,138
46,364
22,90
60,165
165,299
82,70
88,399
123,944
67,738
174,823
152,694
151,561
51,403
72,650
98,118
127,566
57,523
142,145
111,690
196,979
188,9
108,669
12,342
53,36
110,391
159,358
147,312
76,531
159,623
53,541
178,929
38,131
139,667
3,134
34,25
136,64
39,725
166,273
125,741
52,408
49,612
2,76
146,87
62,65
181,800
95,618
144,501
25,543
40,543
102,317
125,341
187,738
4,896
159,20
143,555
84,348
46,228
76,143
59,60
45,498
22,76
4,770
157,628
112,710
14,715
127,74
36,66
71,753
101,528
95,997
196,413
50,945
38,149
191,417
67,961
78,319
159,965
94,721
145,181
155,325
116,636
114,501
24,664
93,807
58,312
168,349
28,190
91,157
136,796
118,693
30,333
128,108
103,634
163,404
152,385
69,245
58,689
172,900
80,61
160,269
117,160
13,932
57,368
102,185
25,536
98,319
129,751
1,965
68,614
145,898
114,428
99,539
95,973
171,641
63,652
129,122
32,152
156,1
93,436
197,381
85,561
161,663
63,198
67,604
177,740
168,167
143,290
10,749
132,843
33,185
43,233
40,294
87,134
90,739
151,589
170,274
38,186
99,906
21,763
180,701
118,138
137,519
41,973
1,833
92,500
128,310
89,738
21,88
10,791
72,652
75,392
25,755
13,417
137,582
31,438
142,978
137,730
117,347
18,218
126,19
155,896
67,372
112,245
8,805
22,354
97,947
134,427
137,378
4,182
90,524
172,417
124,618
96,468
171,62
194,720
12,154
132,752
140,297
130,733
139,822
191,891
147,961
10,868
25,197
130,511
162,790
21,577
188,411
97,319
42,804
174,426
162,382
192,522
167,681
23,473
39,357
149,938
115,703
87,461
15,443
27,472
169,664
92,851
66,35
175,375
160,893
2,959
184,76
75,948
50,718
144,789
181,718
121,386
44,537
192,331
8,762
109,81
20,285
157,174
105,651
185,374
173,616
76,748
105,807
88,125
95,918
5,249
87,331
168,367
61,674
16,274
19,444
168,232
33,261
40,835
20,834
193,524
160,683
152,622
42,310
96,11
137,376
75,918
134,198
53,829
35,248
184,507
113,410
11,232
53,372
150,208
199,943
49,603
176,899
185,867
200,68
21,547
24,246
54,749
200,250
155,228
94,76
141,47
174,412
164,628
159,30
155,683
108,549
35,134
52,231
191,950
95,859
199,934
13,566
150,93
138,935
113,689
88,278
153,14
45,10
179,813
147,297
2,469
125,97
141,161
34,512
99,43
32,704
75,188
169,660
183,435
123,709
71,188
32,51
132,781
158,949
97,928
104,401
70,103
137,851
49,596
186,438
159,788
154,293
29,250
124,208
70,495
39,871
1,49
96,377
25,992
27,957
60,492
97,82
183,930
180,782
41,16
128,147
161,784
149,309
159,42
41,688
52,296
57,680
139,271
30,477
32,826
173,539
139,544
47,914
80,528
80,389
37,114
16,870
33,648
99,817
134,979
88,752
106,332
14,12
111,865
143,481
94,775
192,876
90,666
200,844
149,586
116,845
69,513
186,317
29,26
68,628
66,838
149,813
39,251
131,85
64,240
190,241
61,818
160,822
97,526
105,708
122,770
4,284
43,226
90,207
164,459
149,230
190,4
198,254
183,597
25,969
111,317
137,376
59,794
166,902
70,944
179,248
135,326
152,255
36,948
72,121
40,914
173,283
75,372
85,803
192,877
43,94
125,705
90,544
55,338
139,52
197,513
123,794
60,303
19,660
179,771
19,449
156,177
164,854
85,874
159,215
30,140
43,42
120,979
118,607
158,974
60,872
192,974
165,607
4,94
138,887
150,97
102,987
162,655
189,595
134,690
152,505
92,853
96,291
125,604
125,938
26,828
45,191
18,946
63,342
170,771
164,579
92,141
140,529
186,330
5,991
200,813
69,707
173,502
13,733
51,713
127,674
124,670
57,648
42,317
125,542
24,303
101,655
2,768
54,928
181,135
157,34
100,138
23,873
154,221
186,781
170,31
161,889
107,223
141,105
172,212
110,954
161,528
63,406
10,330
89,235
138,174
96,882
166,398
57,866
115,468
7,295
84,686
49,697
154,463
139,128
156,606
41,525
79,153
33,936
131,520
67,389
54,81
61,292
90,425
181,473
49,712
70,970
46,895
128,31
61,244
126,769
89,904
127,167
134,857
149,650
192,633
58,23
89,837
162,19
125,656
182,574
59,486
168,439
131,951
166,404
85,721
37,559
143,619
152,140
8,223
197,747
34,732
125,612
162,942
199,701
161,728
9,495
46,98
145,588
90,857
145,47
61,99
142,653
190,632
13,618
173,389
60,946
90,127
117,563
71,420
170,181
88,334
8,57
104,300
30,581
186,877
151,302
138,742
19,582
83,200
152,400
140,681
188,195
120,290
129,614
60,66
66,913
62,792
94,841
184,502
193,771
89,740
28,981
94,925
65,238
70,742
79,613
181,3
103,287
193,410
64,839
104,657
57,710
108,974
4,818
69,835
13,674
123,526
30,5
156,206
26,373
4,61
149,495
52,162
63,321
87,586
181,95
136,338
11,41
158,323
84,345
107,13
109,106
44,845
193,390
36,767
68,980
97,491
51,18
140,429
62,166
62,519
159,870
84,872
66,905
46,80
12,737
37,410
6,322
109,389
15,881
72,136
72,385
13,209
33,780
106,709
171,124
95,25
113,183
10,511
33,198
32,262
93,821
146,840
132,224
154,850
56,492
42,127
110,948
144,533
131,634
143,996
77,93
69,476
145,968
118,52
44,305
62,479
39,840
180,733
102,594
99,919
61,843
33,124
166,244
31,922
62,266
116,199
195,914
127,775
46,249
119,577
13,76
35,187
161,655
164,648
20,529
69,478
90,246
200,961
151,943
132,512
97,539
196,965
3,745
134,327
42,161
165,419
31,266
59,585
6,141
17,785
96,499
134,135
29,34
156,698
198,210
70,944
28,556
56,512
114,612
20,445
132,742
136,973
113,962
49,199
133,781
147,122
121,558
2,816
74,371
36,747
101,963
92,79
62,796
61,318
179,267
94,877
56,68
106,157
147,465
103,330
91,299
184,233
136,819
179,897
20,939
14,793
78,159
165,25
155,761
152,541
84,848
80,580
123,489
94,371
117,609
46,720
108,100
121,587
173,834
176,749
51,35
30,462
167,512
80,618
121,156
95,925
142,415
21,750
200,452
83,382
99,138
40,263
106,323
32,614
106,92
82,79
18,572
126,209
177,795
143,237
165,301
74,124
36,441
147,409
13,435
103,602
67,870
113,294
134,94
160,783
74,863
21,791
97,957
86,41
93,267
77,621
5,501
74,364
45,921
176,430
20,940
177,182
113,233
161,796
61,310
43,574
138,504
68,532
121,486
97,67
29,926
91,186
21,225
65,79
200,240
8,227
187,346
178,221
196,279
141,312
73,236
14,761
12,164
2,724
189,881
121,575
133,986
16,13
62,406
28,576
137,725
64,831
92,944
107,310
15,428
73,959
85,357
106,808
113,608
71,314
147,700
192,372
39,635
142,670
194,718
121,479
145,761
152,637
65,769
70,727
181,806
147,242
31,13
133,30
93,471
192,765
49,322
167,323
23,416
110,473
12,421
24,22
170,851
75,670
171,890
175,802
31,535
184,614
24,757
81,334
116,37
197,524
66,245
43,390
197,441
77,350
67,599
133,134
61,824
103,699
8,499
18,44
138,55
69,614
73,98
180,78
123,138
98,840
60,218
85,892
122,175
100,36
60,333
104,886
56,373
132,344
129,97
199,455
190,717
27,989
185,732
131,234
37,37
122,164
193,899
18,486
119,178
8,541
186,423
105,580
155,257
145,585
137,620
176,813
70,866
123,200
138,29
126,537
142,525
185,84
3,360
3,313
64,855
99,138
98,614
119,705
35,139
192,226
148,883
170,789
20,324
77,116
7,531
154,191
179,750
139,489
122,120
197,281
87,378
21,938
56,617
23,5
102,727
10,799
115,353
74,373
61,310
72,572
45,435
141,10
166,398
168,224
66,951
57,246
63,892
48,136
37,960
140,203
12,950
114,454
187,817
43,602
170,938
135,608
72,915
139,40
105,313
42,178
13,619
97,874
1,374
150,188
82,896
50,571
14,169
59,411
82,574
97,429
71,899
124,794
50,848
109,151
126,156
141,776
113,795
175,251
42,888
15,134
104,537
65,977
2,100
13,521
145,42
65,544
154,437
102,36
121,407
46,342
172,513
161,743
7,54
109,795
132,579
174,240
118,112
124,301
51,105
90,885
119,106
110,60
153,895
107,500
18,656
44,658
129,341
70,957
78,21
91,194
35,522
77,305
108,711
194,923
132,697
164,82
37,919
88,670
63,482
156,447
195,508
16,96
23,12
169,336
69,793
87,258
178,168
44,11
78,627
48,333
103,852
167,939
194,733
62,525
177,64
24,563
144,745
48,116
35,723
121,251
196,959
183,65
128,584
114,793
195,982
3,215
131,584
191,203
16,634
7,420
155,372
46,571
79,870
97,92
131,308
28,5
62,362
144,958
85,164
14,591
56,882
130,653
156,99
45,102
74,679
4,133
35,617
105,16
103,698
138,268
14,923
61,716
151,379
69,936
87,672
147,215
116,625
84,627
185,679
29,379
116,719
59,986
135,887
139,405
113,45
78,560
78,838
134,642
52,653
91,185
86,17
29,356
96,39
120,7
137,307
64,731
18,572
23,598
155,339
134,736
100,774
197,746
23,680
141,386
120,795
37,456
137,199
121,570
188,919
75,960
124,54
89,395
14,863
101,958
25,972
138,222
20,650
133,455
16,966
34,375
71,394
41,477
130,100
67,845
81,990
4,553
99,18
55,725
87,227
60,625
139,127
183,211
189,284
37,441
32,634
82,115
22,473
166,53
58,360
175,43
81,278
50,715
93,22
91,371
125,57
91,674
99,120
2,1000
131,421
79,732
51,92
126,60
49,881
47,56
19,906
43,565
133,39
183,440
87,474
85,432
116,967
117,574
37,276
186,962
97,397
49,80
55,865
19,13
90,730
182,545
90,868
90,720
111,867
46,445
167,824
2,961
146,261
186,350
33,998
128,888
139,238
65,12
139,109
123,605
113,791
79,985
115,360
8,755
114,79
200,637
166,209
183,757
134,637
11,722
106,682
166,506
130,229
166,979
155,312
175,70
55,529
80,407
179,418
159,356
62,575
5,446
57,103
12,860
175,140
109,924
8,740
12,782
39,961
64,727
129,44
168,228
143,652
133,930
63,372
187,511
113,18
198,829
110,676
171,865
140,489
127,578
51,212
72,168
54,278
3,290
66,6
120,994
37,114
10,469
51,150
105,462
195,817
102,390
52,690
115,380
94,302
59,117
154,137
159,433
68,549
177,579
56,142
37,863
114,422
159,40
165,275
196,53
146,169
138,543
25,890
134,860
19,369
181,339
185,377
28,245
8,653
68,333
101,127
99,39
10,70
143,816
70,638
190,445
43,625
158,64
154,962
178,544
194,316
16,128
119,152
64,110
102,150
103,835
118,932
97,390
80,369
172,276
102,738
82,99
44,787
85,609
161,857
49,225
63,979
155,449
180,118
67,98
54,907
5,853
97,502
96,829
72,447
108,507
2,457
18,518
187,162
9,769
116,763
112,780
124,501
102,714
144,168
20,196
72,291
177,190
120,667
164,990
79,382
66,5
142,559
146,319
19,342
37,351
146,84
136,846
156,443
93,502
196,294
169,521
101,837
165,713
166,841
41,955
67,747
89,984
192,273
93,326
69,55
168,170
171,822
90,767
86,588
160,186
173,74
162,344
24,385
125,634
144,707
162,2
181,380
110,273
54,702
136,931
46,688
90,190
183,385
179,356
112,292
60,560
25,560
49,154
26,511
107,847
16,674
154,342
97,637
191,385
2,412
123,430
68,89
133,415
32,740
29,31
56,453
112,620
82,78
171,20
90,65
154,583
6,368
96,69
9,729
107,991
57,359
3,595
18,477
1,425
104,373
50,219
95,941
176,667
53,730
2,52
112,445
122,694
132,81
98,108
81,676
36,746
1,511
120,984
69,796
121,662
132,64
68,862
50,595
78,903
27,391
59,633
197,231
79,190
32,73
27,991
198,887
33,73
172,350
2,287
76,861
82,56
167,234
12,183
148,559
174,579
166,148
73,430
183,27
167,958
175,613
112,644
44,650
142,225
192,451
179,702
65,776
13,343
141,890
27,851
150,226
25,482
94,689
169,586
170,40
57,556
86,877
73,859
7,985
178,371
20,732
33,337
105,194
1,968
173,445
90,662
56,635
175,326
172,558
9,843
172,77
164,269
13,275
146,366
106,441
100,373
58,13
108,326
68,764
123,316
178,230
18,440
63,290
47,494
55,595
63,285
186,676
32,549
190,560
185,782
36,978
71,786
62,58
190,179
1,82
81,724
144,139
117,742
21,414
3,358
60,124
126,954
156,179
96,54
11,119
84,871
49,626
76,343
12,78
162,523
28,939
35,25
91,90
58,966
87,290
63,123
174,333
117,599
197,702
123,243
131,411
155,825
94,806
183,992
24,181
21,808
6,771
35,473
92,857
134,479
18,837
168,716
63,678
93,383
175,374
114,962
86,309
54,475
34,403
72,959
18,993
96,24
188,481
190,512
149,285
137,790
184,967
43,103
182,209
55,157
20,966
184,820
48,153
13,391
163,874
105,943
156,284
45,83
61,936
151,714
150,83
188,496
31,112
79,628
17,589
106,931
131,305
62,622
140,504
36,497
141,993
145,186
195,672
84,827
119,739
23,664
30,142
141,184
73,411
121,308
149,538
169,972
23,313
184,278
171,253
151,683
169,225
132,649
133,434
100,314
75,255
71,869
88,465
55,961
137,527
57,943
12,881
124,982
65,267
133,441
49,680
52,859
38,52
122,38
94,61
168,439
125,324
174,649
45,341
155,190
3,321
187,971
106,132
200,187
77,139
97,118
44,381
93,928
169,818
12,976
154,767
28,777
180,214
21,800
168,201
65,855
27,515
9,741
180,260
46,990
162,138
124,6
93,950
128,702
30,675
30,323
194,543
166,877
87,387
70,271
60,570
18,482
87,32
35,623
90,52
197,467
182,87
140,253
76,252
182,843
33,458
177,163
36,821
137,170
24,504
59,961
167,977
157,129
164,73
86,357
143,854
41,707
26,725
27,855
36,825
125,741
137,870
57,675
104,943
60,375
117,143
131,17
151,357
106,48
91,65
160,413
96,846
127,263
185,622
136,646
143,512
26,995
176,765
67,783
33,810
45,287
65,541
7,455
180,671
125,658
63,312
163,953
36,454
116,652
1,700
7,529
38,381
27,932
13,544
106,178
66,246
138,824
19,375
55,374
151,532
54,522
187,333
24,727
102,489
5,121
78,766
180,822
195,794
73,196
148,899
101,687
137,861
191,580
91,18
69,214
132,240
108,137
81,484
17,549
183,317
75,136
170,489
43,191
26,481
128,489
41,936
118,33
106,948
107,257
21,877
168,942
63,302
128,662
97,484
138,808
61,706
96,533
132,763
148,546
89,442
195,300
70,621
83,992
72,613
35,619
13,167
68,228
104,491
190,970
77,337
171,856
122,741
115,485
166,247
105,597
138,900
1,79
126,857
176,981
53,741
10,162
27,821
89,570
161,344
50,87
5,187
172,890
149,947
183,628
178,80
90,590
187,976
159,201
2,687
58,928
168,40
48,731
11,772
166,59
11,316
13,801
135,637
163,693
170,77
198,432
101,23
160,988
33,260
37,800
180,746
32,426
8,224
63,623
174,323
131,923
96,160
10,806
78,68
103,303
165,941
108,986
196,451
42,616
88,994
194,814
137,88
151,517
120,998
126,772
61,68
33,369
109,711
25,198
92,904
9,151
49,100
113,339
67,65
76,186
18,479
60,216
192,823
89,918
31,511
114,325
86,930
161,816
9,437
119,427
23,624
58,121
164,851
192,652
153,193
38,578
7,631
149,698
30,800
159,933
55,400
5,409
46,581
111,963
176,912
106,398
51,864
159,130
145,14
13,246
157,44
31,596
114,809
53,467
45,359
76,471
58,861
66,851
104,689
178,339
130,836
38,121
177,624
145,501
48,865
114,84
95,713
166,17
90,299
96,347
25,271
137,509
142,527
36,60
77,693
27,165
149,328
65,250
190,920
26,922
144,467
7,325
134,163
99,456
160,893
76,677
116,149
23,274
128,288
110,785
11,210
177,919
11,180
7,707
56,381
132,175
79,565
156,761
107,616
55,626
104,440
61,172
192,853
141,288
195,608
73,759
115,355
13,196
123,258
84,918
145,744
95,579
142,907
21,763
80,905
3,361
155,235
86,545
92,380
42,144
18,671
110,784
41,7
64,140
186,899
200,16
152,424
77,239
108,535
61,867
20,38
105,583
20,995
147,822
196,101
100,609
121,560
84,350
152,960
106,30
56,275
139,971
56,162
20,910
169,572
173,631
122,274
200,894
77,132
58,528
199,526
198,128
129,233
93,795
92,839
171,394
10,718
53,356
44,95
74,575
11,233
190,316
123,682
128,680
108,919
60,283
22,459
172,424
166,412
55,218
114,720
27,911
177,428
170,103
150,547
162,445
80,871
157,174
155,69
154,255
159,876
111,161
75,562
13,875
123,139
66,750
107,517
99,316
179,452
22,832
135,9
81,677
170,90
51,701
188,210
6,333
94,74
106,269
118,576
48,856
173,30
64,458
141,923
163,875
44,428
179,538
197,592
200,478
194,985
187,103
95,349
64,721
200,283
198,659
15,838
34,564
94,712
63,866
55,225
98,184
96,421
197,199
16,391
24,889
38,209
45,875
136,235
167,396
82,763
169,960
179,249
37,992
52,842
187,578
191,966
3,335
45,238
9,202
90,977
177,224
35,143
74,572
190,531
9,43
37,965
77,951
147,520
182,584
29,361
53,623
5,450
136,857
64,359
85,410
125,353
96,583
144,583
112,589
25,953
83,210
93,407
79,58
113,288
85,748
184,728
129,165
128,606
88,996
186,757
187,994
140,446
104,25
165,855
159,900
40,880
50,495
73,549
167,382
122,737
105,643
37,525
107,579
106,927
9,191
70,238
131,440
148,887
58,495
161,444
170,311
144,216
41,529
76,728
110,867
54,642
58,753
7,722
130,135
23,224
124,514
62,20
10,910
58,148
100,810
161,641
72,402
101,834
88,204
82,562
109,117
185,708
29,929
4,113
69,1
45,12
56,939
196,620
127,487
191,386
33,871
22,951
157,634
80,379
2,205
129,298
20,290
136,134
187,142
139,596
121,343
138,36
84,272
29,75
111,841
37,352
10,120
124,499
72,327
99,460
195,690
98,595
35,726
136,167
31,121
145,520
134,304
158,990
139,306
10,406
78,706
189,779
14,810
140,704
6,108
195,259
155,58
54,965
52,836
174,200
166,696
60,87
146,445
13,56
147,725
170,734
27,701
140,2
24,206
163,161
88,928
150,468
143,925
77,514
198,422
142,701
142,633
29,447
145,860
92,468
55,340
45,600
117,254
190,78
108,744
78,543
4,728
124,434
168,445
66,475
34,969
84,850
196,789
13,739
94,939
68,867
186,405
20,214
148,340
3,438
8,653
88,606
146,167
129,982
61,238
108,903
117,261
118,935
197,848
173,452
60,473
98,165
134,711
197,54
119,198
126,427
61,171
200,992
122,443
149,932
162,130
169,837
17,538
50,903
106,529
20,266
111,456
18,44
131,722
7,47
106,216
79,871
119,414
155,773
189,495
127,703
121,144
23,131
31,749
14,545
79,51
64,710
160,243
139,202
108,341
14,291
72,954
106,233
179,265
28,295
70,574
198,509
12,449
129,129
124,129
59,651
84,668
135,843
26,369
87,784
80,687
12,359
119,139
98,706
84,779
198,906
69,102
124,127
2,470
20,937
40,816
119,137
83,924
37,794
19,744
16,75
58,293
119,496
37,838
6,235
95,859
164,634
171,284
74,486
4,629
93,252
173,742
69,247
112,544
77,26
104,443
45,972
154,593
1,206
64,964
78,754
190,498
110,176
136,963
190,835
151,178
154,903
130,673
80,858
134,978
183,151
196,215
55,346
84,211
49,251
175,82
131,515
151,762
68,854
119,751
26,926
41,27
139,429
23,693
155,776
179,676
180,472
39,65
88,325
140,734
181,342
162,539
128,203
132,309
127,820
152,942
58,951
122,957
82,603
168,758
102,797
112,977
70,349
112,52
175,882
53,956
122,297
103,950
56,933
168,237
67,12
159,749
189,607
67,629
167,645
44,363
60,565
80,612
157,485
87,328
127,23
1,784
200,716
55,511
74,623
22,975
190,273
142,3
155,754
162,52
57,317
129,295
129,198
47,316
174,891
11,767
31,636
93,560
46,800
25,348
158,37
138,139
56,360
175,785
45,813
73,888
99,721
200,20
119,801
122,103
75,754
179,727
106,284
114,738
135,778
16,163
139,870
98,337
9,57
103,670
155,750
144,387
85,684
186,639
152,108
14,322
77,563
90,133
14,129
20,742
197,917
67,889
81,108
9,6
56,107
97,837
112,5
6,674
72,281
27,288
105,41
98,706
21,544
53,354
46,367
69,136
8,274
73,418
18,766
108,127
141,119
165,341
133,288
145,820
50,119
197,375
109,920
39,272
157,442
195,275
140,196
92,365
193,837
103,773
13,407
23,523
144,483
189,235
111,724
160,792
46,541
107,467
162,704
160,741
24,760
67,106
177,301
64,385
72,798
199,131
152,273
98,248
63,726
70,508
52,322
34,103
88,518
63,435
83,998
47,728
113,852
45,106
159,385
170,39
69,448
31,705
181,307
134,532
69,711
19,534
3,528
150,312
198,779
74,625
6,214
131,637
69,174
46,923
187,618
188,472
184,965
171,895
37,369
145,453
14,836
101,618
118,566
123,281
58,441
189,611
115,722
64,424
29,957
5,120
116,802
86,7
53,500
56,148
119,799
135,810
86,145
199,321
191,348
34,360
178,21
1,700
29,49
12,277
142,44
85,294
163,160
149,280
107,224
176,784
87,721
156,646
8,785
161,732
28,644
41,720
33,461
17,642
161,580
147,101
64,48
60,720
19,343
99,910
114,149
9,815
122,149
54,259
135,679
197,456
174,58
83,169
172,971
142,375
169,612
161,750
169,402
10,433
82,170
33,355
58,860
28,791
47,333
173,696
127,714
124,184
83,700
154,204
147,537
109,175
13,140
93,879
166,429
56,599
150,646
159,133
33,790
193,271
167,820
39,565
96,154
57,941
108,284
70,934
13,141
75,255
4,504
74,56
116,741
123,968
101,774
135,926
91,157
77,117
25,775
120,928
186,974
168,602
197,139
86,886
146,859
61,866
198,753
171,419
95,371
162,938
87,248
130,552
127,166
42,495
71,93
6,431
36,592
154,625
8,719
31,517
135,991
165,480
39,432
103,667
122,15
117,624
169,407
163,589
120,658
159,638
131,971
150,532
36,544
166,607
89,11
156,372
114,398
198,892
143,975
18,409
63,901
141,469
21,345
118,538
74,25
173,769
40,47
77,29
84,69
109,471
6,990
4,656
124,728
151,167
142,776
116,483
121,88
187,426
72,491
130,198
54,379
105,878
75,711
181,559
119,776
134,123
173,998
35,497
121,6
33,152
200,6
104,442
139,915
95,834
70,29
177,164
170,126
152,570
195,241
109,33
74,483
24,376
49,168
79,657
39,546
48,761
77,748
193,625
22,577
108,375
110,664
91,134
191,538
7,154
28,716
148,883
194,785
123,16
190,838
30,192
131,486
55,75
92,412
65,225
127,846
67,199
112,866
147,695
2,764
10,403
138,929
165,996
184,624
119,960
31,899
90,717
174,479
129,465
16,428
114,592
160,71
31,399
73,126
89,313
136,596
100,644
178,465
181,554
65,381
174,363
180,63
146,502
128,929
199,670
79,986
157,467
127,109
6,128
67,818
127,670
84,570
156,947
167,790
95,745
175,992
27,193
134,781
165,334
91,34
55,600
82,621
21,743
25,638
57,64
75,607
174,654
45,295
21,307
143,457
192,203
127,924
29,385
38,829
32,214
119,255
168,356
59,469
177,762
54,359
143,613
74,223
18,795
115,140
128,149
1,385
158,753
53,536
154,281
120,325
181,296
50,204
165,98
76,673
136,317
19,409
182,460
164,621
35,288
117,597
97,611
87,298
119,208
195,895
54,605
89,484
116,8
193,268
49,977
31,311
193,730
5,99
167,106
52,133
187,725
99,670
39,582
194,536
162,432
186,100
193,975
53,973
159,948
21,533
52,577
136,341
4,916
174,420
31,287
41,790
7,992
193,214
177,299
181,488
78,788
200,801
11,198
155,919
6,772
166,516
144,590
146,822
126,898
101,461
76,507
85,802
109,386
10,257
40,937
77,26
100,420
90,384
119,807
109,708
37,494
82,100
158,923
45,531
156,49
63,352
146,977
115,38
1,857
8,982
11,524
175,272
112,346
182,441
156,69
41,912
195,180
153,1000
102,642
139,155
136,120
152,230
150,440
155,934
134,107
118,477
7,414
2,673
118,869
72,795
150,144
191,855
91,912
153,981
52,117
97,980
41,567
127,464
87,871
90,27
159,316
132,146
60,576
188,297
141,686
176,779
189,222
130,67
80,612
199,742
166,223
103,986
113,479
178,707
88,598
46,258
47,256
114,551
186,24
185,284
34,233
78,406
13,310
145,428
65,980
76,714
62,571
123,527
188,303
181,626
23,337
21,873
127,529
191,537
60,784
118,794
163,624
105,25
104,508
150,551
20,244
92,155
191,387
26,775
167,178
73,325
16,265
123,605
68,532
3,959
189,198
173,208
125,281
14,800
189,376
2,862
5,880
73,237
16,635
154,811
16,52
51,99
175,830
85,524
27,240
170,987
51,110
156,700
91,480
32,430
63,187
3,133
19,541
161,404
157,616
133,195
104,313
13,436
107,930
107,215
150,32
38,606
174,666
72,914
84,562
102,237
141,453
61,850
39,191
180,959
109,52
139,996
14,387
198,213
20,62
197,676
143,614
187,744
190,659
127,567
31,871
94,106
97,752
20,570
131,994
187,690
24,200
152,343
177,524
54,173
87,685
97,430
62,68
10,961
178,170
5,271
64,13
87,917
74,688
13,481
59,193
159,982
87,526
115,976
71,117
12,467
92,457
111,476
60,950
58,644
133,778
96,350
134,938
84,702
142,161
124,665
47,208
91,2
60,134
127,607
121,23
72,716
83,717
144,31
6,222
166,638
133,917
98,403
59,342
29,567
54,795
100,657
19,605
122,43
198,840
181,735
99,618
150,218
146,75
163,841
11,959
14,521
98,983
190,342
14,232
96,620
92,106
73,152
129,547
12,63
97,528
37,958
130,424
154,224
4,119
111,41
79,800
150,858
159,953
26,531
42,462
149,31
152,871
85,160
159,976
128,477
123,106
104,180
99,912
101,834
90,20
100,875
110,306
129,251
110,466
61,317
114,612
73,378
193,758
86,114
139,849
42,324
59,285
70,39
103,322
97,265
121,694
58,338
172,281
185,402
14,938
62,22
32,102
86,905
173,275
125,284
187,40
170,995
111,773
199,414
105,25
137,481
92,982
59,845
158,550
157,595
184,32
48,163
97,293
185,292
141,621
87,281
44,265
76,936
153,162
115,57
90,636
180,275
30,198
136,43
75,442
120,132
171,201
184,985
28,730
55,892
51,793
68,234
6,773
159,817
162,93
119,370
180,805
70,155
49,148
189,374
94,45
153,977
36,56
125,122
94,263
109,223
124,799
148,38
182,721
144,299
1,859
9,849
8,345
1,758
97,954
108,692
3,785
59,223
143,698
103,527
91,146
62,493
147,775
31,638
14,505
151,925
12,677
94,863
3,65
3,276
12,394
141,81
175,3
19,39
57,84
5,56
139,513
45,568
76,855
134,252
13,373
25,779
117,642
63,422
174,673
89,383
15,679
36,331
10,575
180,184
117,752
117,25
180,951
165,497
171,308
37,455
168,118
82,518
160,109
136,424
43,863
190,672
152,189
80,656
107,768
180,795
136,114
142,23
122,155
72,750
143,71
82,516
96,325
4,110
200,903
140,769
42,89
15,523
183,191
21,387
133,882
104,661
49,186
77,733
50,61
155,290
77,698
145,480
141,291
8,797
126,459
79,352
10,971
26,856
75,269
94,315
164,172
112,11
94,797
137,557
187,125
4,742
32,487
132,630
165,373
34,510
119,497
124,482
143,367
38,456
55,205
198,104
81,819
146,468
141,588
107,262
192,395
85,627
84,106
13,1
75,582
21,110
194,288
126,1
70,162
60,233
101,905
21,338
29,445
98,672
147,148
17,198
141,580
43,720
192,218
66,913
98,449
16,746
154,627
48,153
130,688
153,391
82,45
105,548
63,812
16,603
112,837
199,818
91,234
180,177
92,191
100,155
24,116
136,487
22,422
181,324
154,570
164,198
172,89
76,426
100,75
185,892
198,93
183,586
88,603
30,347
147,207
148,694
87,128
129,393
103,615
91,829
11,562
170,238
25,261
106,991
49,910
127,169
189,297
115,298
70,220
165,390
118,142
22,22
180,270
13,365
10,640
14,968
194,84
36,578
9,69
130,868
117,803
17,222
80,212
126,763
104,765
103,958
17,422
119,731
55,130
60,669
13,297
12,287
44,693
128,586
42,411
102,771
132,729
107,674
141,596
154,1
58,787
132,23
92,108
140,395
16,299
183,961
33,389
109,215
1,127
187,967
197,376
114,415
17,531
178,788
17,574
189,419
5,836
52,742
194,290
161,307
192,907
169,344
150,149
10,391
176,455
11,712
133,286
73,472
135,431
138,993
155,415
8,280
9,999
74,235
52,953
95,710
102,430
145,161
163,534
63,812
53,380
70,514
17,995
173,153
52,748
133,671
94,645
108,106
45,62
75,489
116,730
49,32
72,58
63,466
96,823
52,566
39,78
113,988
150,813
41,3
51,561
153,816
139,811
141,147
164,557
12,186
122,958
48,258
42,958
146,619
198,433
23,475
112,952
143,410
35,608
78,86
183,884
135,393
11,665
96,547
56,11
34,382
200,707
64,783
160,93
110,370
10,763
91,216
6,164
162,320
129,837
90,299
133,91
104,418
85,819
123,372
131,709
5,487
192,844
53,351
82,182
161,34
107,829
1,700
55,182
21,496
59,185
23,719
124,50
194,189
86,541
152,183
36,399
72,685
76,973
140,869
41,210
119,653
196,145
16,366
146,225
158,234
112,593
13,809
163,425
110,172
189,944
123,310
34,51
8,646
134,916
7,189
163,428
194,27
193,99
134,386
148,510
73,840
56,345
117,551
181,263
45,90
16,377
141,612
159,733
162,107
78,787
39,212
31,264
127,291
132,340
5,20
92,860
182,981
63,24
64,422
25,846
113,906
102,144
160,953
36,27
146,982
197,861
123,10
33,338
81,648
75,815
130,645
57,151
180,776
16,532
146,825
34,555
155,961
131,538
121,439
13,487
186,170
159,257
56,857
160,359
50,785
4,840
93,226
134,305
35,305
118,159
28,235
8,247
143,638
53,871
63,263
198,569
169,81
42,335
79,373
18,847
150,417
3,976
133,254
149,566
143,753
36,553
192,104
72,871
60,932
55,908
124,671
19,134
68,991
168,657
11,858
2,731
24,380
154,661
148,415
165,698
119,809
166,932
63,59
54,866
194,799
88,556
17,146
33,13
154,885
86,111
93,933
154,2
138,77
189,142
36,641
102,501
106,457
189,93
6,552
190,288
12,678
52,576
192,619
76,749
8,23
113,103
39,530
134,18
61,399
117,188
114,72
51,948
14,676
82,240
184,451
149,889
28,813
4,3
36,703
27,920
187,181
139,724
139,33
118,230
132,637
44,476
76,252
61,136
112,669
46,742
134,645
184,253
20,417
144,408
47,572
57,6
97,812
180,471
140,443
174,654
47,518
50,162
126,546
114,244
95,783
123,257
31,207
157,269
76,444
106,655
54,644
65,512
22,729
25,503
195,955
119,184
163,76
39,354
174,369
16,192
168,918
80,343
167,307
128,191
111,451
183,125
152,518
169,895
128,243
110,957
119,317
128,585
191,556
66,665
192,865
198,578
85,650
108,461
32,218
38,331
76,560
94,784
107,814
158,442
75,190
139,53
127,901
41,18
75,816
147,546
49,767
13,296
184,405
136,362
108,628
61,846
178,89
138,551
190,918
137,667
12,817
23,876
65,409
2,249
83,209
132,408
104,837
114,898
10,732
175,126
132,119
23,512
35,458
110,726
150,807
8,465
54,29
142,182
166,739
27,727
166,20
58,95
91,848
113,449
13,798
61,113
138,56
72,264
134,20
161,538
25,187
138,974
14,390
18,808
1,558
118,249
2,715
170,398
121,246
159,867
41,44
136,115
168,375
118,869
73,52
195,221
152,277
78,736
65,86
77,541
98,416
111,724
200,685
112,126
3,639
28,925
79,414
48,87
102,935
171,54
50,481
172,536
10,694
156,581
86,444
100,979
56,100
31,177
115,712
111,188
133,742
26,851
172,484
138,742
62,349
117,846
166,49
100,952
14,54
162,596
22,466
49,623
33,827
83,139
65,662
200,693
71,736
99,432
173,526
115,233
107,411
75,669
51,177
7,815
19,226
104,27
47,797
11,291
7,234
46,738
48,948
92,830
69,491
67,729
175,523
6,477
154,153
121,405
4,914
7,837
130,762
74,304
7,973
167,29
47,797
82,980
118,545
18,636
99,357
161,155
94,454
123,231
192,835
80,96
160,411
105,264
108,929
64,411
98,211
19,695
101,700
96,892
107,197
134,466
115,823
171,486
198,94
47,919
107,845
64,665
16,397
179,712
51,970
185,726
170,370
66,914
2,733
148,961
87,215
49,126
116,370
110,550
148,543
22,708
175,526
100,333
148,395
138,687
18,373
65,571
14,253
155,215
111,262
48,825
5,51
158,783
184,157
117,389
5,720
149,680
118,738
170,267
16,606
187,102
54,186
61,214
83,971
122,238
169,972
110,676
17,258
93,86
10,536
56,77
44,820
145,914
162,542
181,320
193,538
102,999
67,348
6,188
21,407
35,947
175,185
10,217
41,126
93,482
89,983
165,616
76,112
149,645
21,246
133,18
75,702
183,154
176,395
107,106
85,374
48,966
18,127
130,267
174,542
120,410
37,630
61,951
43,447
107,131
26,981
129,186
37,672
6,93
64,866
40,142
78,118
71,280
129,336
192,95
190,518
142,899
82,425
140,997
59,730
174,220
68,8
160,465
71,550
197,290
61,240
94,243
108,405
174,855
8,826
41,750
111,858
12,747
183,471
13,235
99,258
116,257
42,826
125,710
34,819
108,779
94,630
75,967
74,165
175,681
49,894
93,446
53,104
155,43
35,149
147,591
50,665
43,693
193,956
31,478
63,458
177,347
37,576
155,729
188,386
58,100
77,803
111,788
130,531
31,339
164,569
25,41
78,825
20,824
40,993
114,867
200,783
14,75
168,901
8,361
191,984
130,671
158,250
160,479
197,387
128,172
106,80
75,333
21,577
42,976
137,121
152,747
167,654
88,945
179,526
4,729
29,103
74,747
160,759
117,315
49,582
4,495
72,736
92,96
189,268
38,832
91,230
116,916
63,872
166,564
8,773
2,650
81,998
24,241
73,315
14,223
62,473
75,830
176,408
96,652
167,189
32,746
137,19
81,640
36,886
123,133
126,862
58,671
183,324
84,5
48,39
93,376
66,869
107,345
46,615
53,448
197,133
161,419
57,226
55,479
28,27
106,888
109,211
34,495
1,949
13,179
31,426
89,439
190,626
17,778
90,373
186,143
138,327
12,336
108,775
9,719
42,354
152,981
96,622
98,847
100,506
91,312
124,924
110,61
111,698
11,314
5,398
149,661
179,550
176,387
157,604
97,315
43,100
75,989
182,183
126,241
14,758
27,717
146,752
137,810
175,65
51,180
143,436
178,514
118,879
157,757
160,987
50,119
30,371
178,888
110,923
148,521
193,113
120,36
72,412
197,475
41,368
65,506
127,84
176,280
192,946
55,54
47,823
41,349
67,664
197,769
143,271
182,474
136,32
70,932
51,573
90,994
194,669
146,465
42,51
74,38
160,933
67,694
97,381
2,458
31,272
122,330
19,957
174,259
43,897
80,592
146,996
17,19
116,710
70,54
99,209
25,889
3,573
177,861
122,797
160,400
5,312
95,134
90,627
171,135
26,914
184,172
154,329
185,253
166,979
129,886
107,807
24,771
96,807
54,951
171,358
34,2
172,721
143,349
134,410
193,603
200,283
41,447
48,326
170,830
176,577
130,984
108,955
188,58
109,823
65,951
76,512
52,744
154,405
125,851
59,871
32,208
184,248
34,550
69,535
128,599
63,108
76,409
135,381
146,6
183,251
178,586
141,613
51,468
65,923
42,456
46,455
38,221
155,576
151,932
17,717
91,549
170,311
129,347
137,712
67,615
199,648
144,266
93,276
16,653
125,663
149,531
122,16
10,765
102,851
158,416
62,270
80,655
135,626
46,136
61,726
70,249
197,762
85,558
59,479
198,989
59,880
72,834
114,665
61,599
16,704
55,179
187,882
80,767
158,231
14,641
107,664
30,571
54,404
172,706
10,151
106,587
62,312
141,931
82,656
188,512
48,673
68,196
89,884
115,163
191,445
76,530
145,385
83,60
161,467
76,23
58,613
11,878
76,270
191,894
2,352
55,368
186,702
16,381
66,262
119,581
148,795
101,40
56,732
77,735
108,668
65,452
86,324
77,472
18,113
143,407
199,697
63,701
114,485
138,813
39,786
99,833
173,862
187,207
23,957
94,254
26,493
104,207
30,724
174,889
51,643
99,105
157,180
116,285
73,948
103,191
112,371
136,932
96,241
14,295
133,497
150,833
174,199
68,460
68,575
193,602
190,807
44,466
166,966
184,790
75,479
123,875
105,612
161,828
14,734
170,584
100,714
2,932
81,832
34,407
18,411
191,61
102,362
46,105
2,557
89,667
59,887
123,383
113,953
152,604
107,67
5,205
128,87
4,897
186,751
170,811
8,295
32,415
87,455
185,653
110,788
197,283
114,202
130,820
129,13
191,115
168,641
5,310
113,142
83,348
66,111
103,157
100,855
173,902
5,162
180,256
110,712
143,589
99,598
106,141
183,636
170,921
113,812
164,508
117,112
167,685
18,22
53,825
74,634
24,569
36,868
133,378
22,328
104,795
136,142
130,881
7,663
107,895
11,338
184,737
31,182
43,472
110,998
165,747
151,300
19,672
54,63
178,560
1,908
167,277
119,470
191,234
176,802
92,199
103,22
77,14
93,306
184,705
190,403
145,661
122,495
177,352
158,461
124,555
179,581
200,315
74,889
10,97
199,198
103,516
6,429
181,896
150,983
83,895
136,67
170,187
150,133
190,482
110,560
160,677
88,356
144,499
72,348
135,284
5,191
37,632
114,398
80,933
36,983
130,348
71,995
68,876
67,287
90,526
148,873
154,975
17,94
80,405
1,163
35,55
69,389
109,732
194,653
76,44
85,969
71,278
154,237
12,499
161,909
22,224
156,144
153,889
78,955
185,131
41,738
94,608
185,561
15,279
73,291
1,712
127,534
143,341
159,826
107,36
101,795
130,571
107,290
26,814
16,280
14,791
58,618
72,299
151,415
24,938
41,720
173,636
171,370
173,77
49,645
4,723
180,722
186,86
81,596
42,213
117,400
119,735
117,291
138,572
31,734
92,278
88,33
86,98
94,977
52,749
130,581
51,662
65,886
61,494
67,764
10,95
93,429
144,919
120,626
175,146
121,106
77,230
67,920
155,335
69,547
31,243
67,727
11,457
196,997
32,371
169,206
30,179
198,742
147,435
45,517
42,438
148,349
167,443
71,571
47,168
165,326
185,780
46,660
36,463
29,858
89,206
76,649
105,383
138,327
6,165
83,665
143,880
140,209
171,294
14,791
97,246
57,523
93,478
23,584
76,216
199,300
80,894
186,151
195,632
41,218
9,820
199,755
97,107
19,4
56,306
162,750
66,406
68,844
115,346
28,584
182,122
30,946
85,774
108,876
127,294
139,122
182,950
150,479
19,994
97,476
174,964
182,564
102,617
139,962
129,837
189,773
155,86
102,951
62,791
58,991
110,465
149,300
118,764
70,242
28,248
83,838
30,764
143,366
18,645
137,614
151,407
30,472
84,714
117,633
81,245
4,369
59,17
65,408
97,34
60,870
22,765
25,501
137,47
59,998
91,472
142,378
149,56
12,803
112,739
175,145
155,403
41,496
190,629
57,152
77,73
196,524
109,357
43,249
157,45
179,600
158,445
147,51
41,765
47,872
93,659
96,299
13,106
3,456
62,396
164,998
118,18
63,209
142,817
34,304
129,81
163,960
166,249
129,41
107,116
89,103
114,141
136,484
168,928
151,446
157,467
113,205
92,534
35,286
30,497
13,30
153,579
33,606
177,131
165,7
55,6
60,451
102,864
43,48
174,109
40,61
181,318
138,885
35,973
112,677
163,540
62,469
48,343
32,93
59,288
42,116
51,557
156,559
138,94
194,308
32,550
182,132
196,737
2,32
16,587
63,889
69,738
156,377
191,939
194,555
82,828
179,168
86,485
108,15
138,881
85,81
7,418
139,708
161,300
125,996
119,40
20,112
114,700
33,608
83,364
193,192
144,437
47,997
143,41
107,239
95,747
11,613
41,205
86,891
134,39
80,991
197,907
47,15
32,338
102,781
122,576
93,539
185,183
147,632
189,281
102,701
195,744
29,879
34,747
4,731
97,144
2,991
57,467
137,194
100,597
4,306
154,446
81,895
3,878
135,363
58,967
91,690
62,660
133,806
22,981
13,607
96,235
51,209
168,426
173,103
11,765
112,456
164,855
125,765
193,388
37,853
75,730
63,490
23,158
22,948
34,803
131,184
84,993
1,659
93,137
138,95
169,546
22,663
88,164
3,411
189,954
150,775
52,673
15,888
49,850
91,67
7,919
152,295
184,579
180,518
161,758
71,292
161,934
164,928
179,985
114,70
135,119
47,442
133,487
31,128
62,504
192,820
142,653
117,621
9,933
137,625
166,1
155,791
143,358
17,624
112,389
122,297
168,157
185,54
66,26
129,761
85,601
71,549
20,249
43,661
65,167
173,864
96,761
129,297
3,379
78,174
181,452
147,297
45,593
21,140
1,304
83,953
168,878
78,449
9,339
165,332
199,764
135,17
66,258
35,972
77,525
175,561
116,576
171,343
82,335
131,820
200,813
79,570
126,934
35,436
61,737
152,941
85,447
70,548
179,459
39,793
161,445
47,826
128,348
138,796
85,382
65,394
144,620
123,325
85,923
100,643
163,231
135,59
186,498
62,684
96,422
11,386
116,397
114,740
132,944
192,478
38,614
57,989
73,417
133,837
90,289
71,551
34,172
56,233
48,297
58,144
76,535
21,249
27,384
49,950
197,466
89,433
13,461
142,47
17,1000
79,30
5,935
63,669
146,428
54,582
142,26
94,418
71,846
137,923
166,474
60,168
24,304
172,478
67,993
121,608
134,270
61,857
153,599
136,179
104,470
136,398
134,984
144,375
37,839
61,387
44,166
153,134
16,654
172,392
48,451
199,360
172,726
62,194
43,929
168,352
135,179
107,946
125,790
137,624
91,782
135,686
163,970
161,532
109,508
91,709
44,436
93,803
75,342
175,2
1,890
48,717
194,970
56,213
8,305
2,185
119,993
56,290
181,572
75,188
31,84
162,957
197,701
116,616
7,494
73,956
192,743
6,757
109,665
14,476
136,490
123,527
59,654
108,944
145,870
55,637
161,48
38,525
98,427
117,988
76,779
200,431
180,357
183,816
164,139
172,493
190,851
72,903
11,369
23,975
98,139
91,621
43,820
77,682
4,971
42,15
123,502
139,692
97,454
141,396
149,450
178,676
161,616
3,842
61,422
29,158
195,278
166,532
41,742
112,962
96,897
41,863
128,947
91,573
150,93
73,738
1,30
180,728
160,122
69,504
199,982
100,843
132,931
89,373
63,913
130,597
179,590
8,729
98,215
170,365
117,69
167,898
66,663
54,731
91,720
56,146
47,148
24,518
160,195
188,498
109,356
103,247
143,919
41,416
102,393
27,807
159,756
104,711
133,851
70,287
31,525
164,517
122,456
154,671
21,492
82,460
41,150
32,700
16,889
193,31
92,105
103,777
67,318
88,107
159,305
83,740
150,659
59,971
122,790
109,898
64,149
168,189
146,553
113,937
144,861
190,872
70,236
173,147
16,569
89,472
32,428
181,928
3,875
183,166
45,382
105,539
96,236
71,630
169,56
161,384
95,388
158,644
179,732
18,481
177,940
177,343
3,601
33,71
32,804
106,904
141,262
137,247
106,840
159,387
73,888
68,722
71,750
121,275
130,829
185,704
191,768
142,107
45,858
132,998
55,365
97,616
92,746
15,136
81,729
125,147
157,412
12,770
50,872
90,550
70,531
21,154
38,274
177,426
70,633
133,124
176,126
194,571
177,662
138,153
110,16
54,528
33,786
9,679
176,180
105,157
13,797
64,205
145,191
160,407
31,637
33,22
72,379
9,108
192,631
45,28
185,583
1,732
26,461
43,335
25,617
49,244
8,569
45,48
135,547
173,28
10,516
174,74
99,698
8,880
174,598
42,734
146,439
52,148
91,934
13,416
32,772
188,401
105,474
86,545
186,414
131,13
58,955
84,856
148,43
190,724
154,701
18,568
54,55
194,166
33,323
7,379
63,229
3,692
117,63
50,757
151,787
38,468
178,898
134,12
192,23
197,160
158,745
58,944
24,62
177,375
51,75
6,55
45,881
25,323
57,508
123,672
188,737
9,249
145,858
65,180
68,549
145,614
170,463
35,908
196,31
63,22
85,555
192,783
122,909
154,57
187,992
31,512
49,584
159,564
94,612
25,611
108,82
159,205
127,470
91,456
147,8
153,966
53,442
130,931
20,794
110,501
15,50
124,304
165,569
104,820
56,424
14,458
121,859
101,646
84,140
64,769
14,238
182,517
189,226
2,799
138,198
16,543
44,331
173,827
15,443
146,190
65,626
132,143
25,992
105,818
136,926
125,681
54,317
82,629
8,563
146,346
111,70
82,40
119,201
107,364
191,685
85,73
19,848
154,679
192,843
99,31
75,101
165,559
56,387
153,967
99,847
3,192
21,70
37,753
20,335
45,549
194,731
163,992
25,968
134,848
119,931
163,577
54,836
182,117
87,710
108,645
189,46
174,872
71,352
166,945
136,237
9,372
47,694
100,603
60,312
172,631
117,494
108,56
61,635
167,475
43,320
6,385
170,742
126,869
132,375
6,761
161,349
7,982
147,603
119,907
154,355
59,195
170,810
35,25
188,673
70,613
51,596
43,460
54,545
30,997
133,266
99,795
71,706
65,520
167,639
34,519
124,389
183,183
128,10
54,203
99,747
172,762
87,519
36,985
184,907
141,442
123,536
162,230
68,232
111,904
43,953
167,734
40,937
196,784
38,658
66,655
63,655
96,400
23,501
167,358
91,632
50,785
171,605
167,500
165,888
25,541
47,814
190,14
189,616
2,178
49,749
189,284
146,165
110,99
56,96
179,333
104,56
174,26
112,478
149,352
85,913
34,312
71,73
163,606
156,401
108,707
86,816
164,746
126,700
179,146
150,259
168,993
48,425
104,520
149,957
108,245
158,605
10,953
118,497
19,282
101,59
28,591
45,726
93,826
131,914
7,774
24,53
107,333
138,17
134,424
35,839
101,875
54,279
102,57
65,239
49,397
171,759
7,1
190,793
164,991
189,399
73,736
22,100
45,94
75,571
176,288
154,566
190,666
130,381
106,387
43,902
27,396
96,350
26,527
29,607
177,965
110,67
198,789
164,783
87,167
39,665
160,326
39,269
80,144
153,365
95,21
74,596
150,177
51,145
174,516
37,328
169,248
167,365
60,631
101,602
145,697
190,498
109,302
14,767
196,744
28,213
137,874
77,748
116,287
48,956
86,727
154,409
63,817
143,473
197,495
173,38
164,499
98,469
53,60
199,259
130,810
82,438
179,55
30,355
134,195
53,857
133,996
37,259
42,313
142,113
63,844
95,277
82,430
101,399
119,813
114,411
153,821
120,213
123,81
176,961
130,363
48,163
110,629
113,612
136,142
51,744
24,46
155,369
197,610
143,61
38,278
138,402
26,241
199,378
145,545
90,135
114,6
170,742
160,944
175,57
41,123
183,828
125,596
147,963
56,945
88,678
104,332
162,612
142,688
134,938
66,59
112,727
175,474
43,600
170,554
112,799
167,866
156,207
107,522
99,643
50,764
104,191
56,17
11,293
138,326
184,727
190,638
181,934
154,367
130,314
129,301
17,524
13,400
28,954
46,635
156,22
99,730
15,503
49,223
116,398
90,159
122,780
80,826
184,876
109,888
59,352
12,33
134,249
27,845
50,939
27,931
6,448
169,731
116,136
175,527
165,16
62,715
189,772
92,580
109,255
9,169
114,284
182,892
130,574
139,570
124,934
70,262
104,375
112,324
151,827
179,252
156,933
175,982
170,407
29,411
135,147
183,782
34,660
113,178
195,567
163,566
123,501
77,422
45,944
12,671
161,447
78,854
190,403
116,374
59,471
28,521
151,69
117,380
68,557
183,163
164,530
134,43
186,648
76,109
135,711
108,102
77,634
94,268
186,623
25,971
111,287
22,898
6,211
20,880
20,928
157,891
124,233
91,334
49,227
113,143
86,867
80,233
75,518
65,294
26,940
199,940
195,251
164,504
107,330
160,719
78,683
95,593
31,677
34,973
115,201
81,386
40,186
48,329
117,619
22,927
96,542
139,825
81,816
183,106
144,424
176,438
194,911
97,166
6,323
74,486
192,186
137,210
162,665
107,562
168,554
110,724
185,560
58,139
197,752
1,229
60,285
180,618
117,786
136,931
156,168
42,309
150,746
33,831
37,731
113,963
9,42
152,213
123,510
117,395
115,407
159,291
188,519
35,282
98,752
20,29
184,943
76,171
25,982
104,714
184,438
23,474
177,275
156,520
91,762
133,748
79,727
132,36
172,331
54,689
100,265
7,783
14,311
3,292
129,758
157,118
36,99
160,272
64,428
29,759
166,300
79,551
30,214
54,827
185,753
99,272
105,43
101,772
63,487
188,27
124,356
197,824
195,737
34,984
99,318
79,436
4,699
17,731
141,412
56,951
27,342
34,298
157,190
175,235
126,429
100,929
112,443
181,130
112,8
136,545
134,454
70,417
137,682
196,824
53,65
150,294
86,866
27,318
189,114
13,627
12,431
6,655
194,593
5,605
145,843
43,9
65,248
156,481
97,340
158,297
54,74
6,697
28,609
56,610
68,839
41,272
92,897
33,804
197,660
148,863
189,683
64,870
57,135
186,329
36,844
69,480
167,108
51,800
166,585
78,1000
152,159
83,128
110,278
70,122
111,488
70,37
24,909
101,444
10,996
49,155
115,565
161,340
48,663
163,986
134,520
150,254
6,885
182,637
166,604
16,452
31,818
76,573
151,335
156,734
17,689
200,993
54,837
165,246
142,177
53,588
2,123
114,8
160,477
133,699
173,754
168,450
170,246
24,911
104,308
26,447
63,627
19,219
67,558
128,646
167,93
192,712
152,657
193,298
60,574
193,347
193,391
127,106
132,221
43,19
59,756
149,741
58,487
74,317
33,526
157,559
116,843
58,124
20,586
66,112
73,170
125,918
141,74
135,15
19,118
185,503
47,348
120,161
169,878
179,164
81,623
2,96
103,955
138,734
105,881
38,696
10,790
128,226
1,408
71,988
188,314
164,747
157,115
146,903
96,133
165,487
67,759
40,169
1,66
82,345
144,336
161,208
169,721
75,433
97,840
94,259
100,952
6,911
12,546
35,959
120,523
155,738
138,834
55,52
4,533
126,506
173,376
197,382
20,276
85,115
6,325
142,819
105,284
199,169
2,984
198,330
113,654
91,936
117,912
81,728
54,809
193,290
108,510
74,692
140,455
33,234
178,241
54,919
50,684
97,3
138,518
57,590
89,544
145,698
3,336
149,646
140,186
37,749
177,3
12,533
40,145
77,872
112,716
95,728
72,489
25,936
190,738
141,593
155,763
38,698
185,647
100,734
92,699
34,547
198,181
21,304
45,968
34,23
84,809
111,909
109,78
73,68
167,490
56,865
72,343
83,554
44,700
129,238
89,821
30,965
188,423
137,234
12,850
23,391
198,77
53,967
179,182
28,620
85,589
77,333
16,915
29,970
178,400
142,602
15,812
10,216
151,90
197,58
60,889
50,371
108,917
146,66
9,128
147,222
59,234
77,934
110,829
128,256
91,335
12,441
66,893
43,330
18,136
28,183
133,179
122,56
131,371
69,660
8,547
131,492
138,659
196,774
162,832
130,285
154,438
42,263
117,591
180,643
84,394
73,561
64,587
180,309
178,149
101,403
126,927
180,44
113,12
122,2
61,268
12,536
125,36
153,465
17,237
116,750
89,378
83,443
196,500
162,274
147,388
30,102
121,755
139,621
192,899
12,5
69,145
170,841
55,713
180,728
40,149
192,814
5,227
71,399
73,443
91,583
148,68
37,413
1,332
78,263
73,867
69,722
194,767
75,208
48,82
30,77
138,168
178,130
124,51
170,880
8,335
13,308
79,53
82,863
9,765
44,499
43,742
20,21
102,156
68,282
155,316
131,151
116,960
31,173
8,438
59,440
8,318
177,81
23,694
103,459
187,888
132,25
26,593
173,636
127,30
108,360
69,663
49,567
38,675
18,873
75,312
3,412
108,977
54,664
186,211
7,71
164,311
68,825
53,984
23,177
37,808
8,582
103,319
59,862
50,330
4,769
50,227
112,379
101,611
151,443
144,801
83,86
140,204
162,15
98,157
80,553
43,688
183,631
197,696
71,646
8,150
88,511
22,34
126,706
84,637
47,159
194,270
117,114
167,542
144,329
182,211
82,139
9,872
175,693
33,902
109,102
51,1000
100,711
180,948
143,931
42,359
133,318
28,997
6,877
59,576
199,362
126,821
88,836
158,692
182,33
143,770
115,682
22,401
145,924
63,46
81,810
34,383
186,127
7,768
141,414
79,289
185,787
126,888
69,607
145,116
97,417
199,355
97,635
181,885
6,197
28,671
80,346
200,984
19,793
34,572
197,424
71,15
180,942
30,67
142,833
75,483
108,980
197,747
159,433
95,945
123,794
189,980
99,584
14,501
160,340
48,282
111,637
61,682
29,33
123,521
157,847
23,504
164,64
79,355
106,248
175,647
45,626
155,422
108,629
67,83
95,939
60,310
187,185
27,593
17,388
55,301
197,299
138,573
158,650
51,576
85,852
160,887
70,936
165,764
105,297
79,409
6,275
177,674
100,632
134,9
33,398
103,613
90,101
23,718
26,587
25,477
88,980
150,148
9,275
56,143
168,406
160,257
7,100
45,727
112,656
110,194
13,91
181,166
71,711
31,889
152,418
5,221
69,897
74,580
118,354
121,904
109,270
167,327
81,171
163,847
102,478
48,535
138,341
56,134
172,966
37,599
166,91
72,115
192,483
114,639
64,303
47,412
25,940
33,532
81,661
120,881
41,982
94,537
53,255
73,105
45,336
154,492
156,455
105,694
172,146
146,549
57,293
150,613
158,86
185,385
179,835
135,134
80,215
20,509
110,599
79,271
75,579
200,122
185,305
174,571
79,91
169,535
55,423
199,135
153,864
142,428
74,626
29,807
123,693
143,488
8,996
4,608
51,357
12,129
43,376
41,889
23,591
39,906
128,239
25,541
92,161
134,30
110,356
186,475
185,377
70,150
44,8
105,1000
42,218
184,584
101,955
47,750
91,391
82,79
62,67
188,455
64,814
198,851
181,505
77,867
117,129
198,767
47,184
161,184
89,37
125,329
45,79
20,164
71,18
148,999
45,685
34,120
167,385
148,159
133,961
148,315
32,536
178,135
47,876
180,64
181,508
1,69
60,296
145,799
68,313
35,80
10,436
66,58
144,888
32,833
57,435
15,213
48,233
51,383
14,159
165,723
81,952
40,930
171,727
33,895
52,85
89,436
27,986
83,388
39,242
118,502
83,631
133,109
109,771
24,354
121,565
183,167
159,221
111,880
173,493
23,1
60,678
84,221
141,658
124,276
12,9
60,360
41,480
83,277
88,186
93,433
27,346
164,98
157,468
132,347
2,873
82,297
115,778
60,15
65,830
154,937
56,296
112,246
16,987
103,710
140,426
4,855
164,561
27,689
181,237
26,606
99,211
150,791
73,641
28,926
192,629
116,935
59,189
113,38
185,98
168,588
14,480
9,514
177,646
196,236
17,50
137,631
100,305
93,151
28,602
87,306
52,450
66,245
171,284
27,907
157,420
66,593
113,910
31,969
142,942
174,59
153,753
34,232
88,246
186,341
124,465
128,55
199,750
62,311
68,899
172,45
38,575
116,429
91,969
60,514
105,712
97,784
80,563
117,645
79,516
34,474
185,686
43,33
16,491
100,880
67,175
94,438
175,766
69,870
118,845
84,703
117,603
199,178
54,355
144,590
43,522
6,169
120,749
1,118
149,243
152,519
169,709
51,790
73,80
112,612
98,657
101,410
118,999
118,77
152,452
13,51
80,675
115,370
14,171
58,757
8,780
23,602
78,821
84,663
80,488
186,690
115,781
135,251
111,719
94,671
39,417
163,660
81,12
63,896
134,750
134,617
101,52
192,84
38,256
152,468
113,905
150,163
129,750
89,867
144,166
173,744
35,685
10,356
126,409
40,268
156,568
68,867
19,149
17,117
131,566
168,118
161,605
8,581
37,784
161,18
35,721
67,969
195,846
88,355
121,425
177,395
175,503
178,156
33,889
31,101
141,558
184,941
25,155
40,505
6,822
130,654
157,85
37,348
178,466
67,597
44,846
109,955
104,93
139,390
99,107
164,627
164,98
36,379
135,147
8,35
151,363
172,614
172,749
147,620
81,228
159,161
20,904
164,656
39,271
8,121
131,5
30,649
62,477
167,936
21,521
173,985
98,644
190,839
1,105
50,30
162,547
26,543
157,944
125,261
130,536
97,964
130,294
185,290
178,927
18,507
187,642
67,407
9,136
129,801
182,402
5,811
152,377
44,343
168,211
36,558
172,169
165,976
136,320
87,731
44,363
110,915
58,127
131,502
181,357
193,291
16,999
73,91
29,119
149,559
157,466
183,542
181,439
124,603
58,175
173,394
192,864
111,374
108,224
176,30
165,147
103,969
198,381
127,373
158,361
87,758
148,329
183,652
93,730
107,727
170,220
43,425
36,808
31,568
43,305
82,653
13,726
88,503
173,519
6,405
65,351
73,483
150,623
112,146
4,327
108,419
55,476
139,883
188,180
135,738
50,199
47,815
71,358
84,834
150,379
34,485
78,671
49,701
145,228
164,318
59,819
68,414
87,155
80,82
23,305
41,681
67,688
168,980
61,323
124,818
198,627
30,876
83,959
75,57
100,539
3,846
114,630
99,688
148,62
10,372
59,444
179,912
82,573
172,41
84,174
200,286
177,635
98,374
68,64
168,480
132,411
124,812
32,425
183,548
196,417
200,952
123,623
185,705
144,361
33,142
54,771
74,199
12,951
189,706
75,528
15,117
118,283
165,77
158,995
88,189
147,547
61,170
80,368
2,447
47,755
152,835
114,55
37,498
126,468
116,499
3,667
37,155
28,913
33,534
200,840
60,755
111,853
14,935
137,784
105,853
127,55
44,132
52,951
77,41
56,943
84,786
66,734
13,580
121,354
199,33
66,573
131,593
166,441
47,829
40,932
108,502
23,570
83,776
40,681
136,407
48,617
193,56
60,666
111,724
187,742
174,953
91,656
53,509
37,827
147,678
155,63
28,737
136,666
196,915
125,381
49,994
147,204
177,219
20,541
120,949
196,495
162,409
58,988
71,317
89,787
51,869
9,45
53,795
11,590
145,992
17,120
79,866
85,988
61,819
78,805
120,691
7,395
185,818
133,549
199,828
59,47
7,375
13,843
161,980
117,110
192,175
138,785
129,446
144,937
100,117
77,337
49,346
192,695
195,238
37,712
158,278
183,847
105,175
95,904
93,715
39,855
161,105
164,508
106,575
26,255
148,424
101,753
76,836
177,667
88,205
161,755
78,998
99,203
5,23
33,311
145,408
113,291
61,455
76,313
10,379
87,241
109,225
100,303
180,563
116,238
133,442
125,57
166,401
137,163
66,13
88,7
62,181
149,672
34,833
89,817
85,139
153,800
137,977
32,429
167,661
115,976
151,15
128,339
98,185
68,715
39,289
160,140
43,42
87,328
30,693
84,609
197,211
139,51
52,991
146,47
186,282
60,836
191,162
87,593
61,278
59,277
99,757
55,215
134,90
43,441
110,600
164,930
172,758
109,864
89,782
10,75
12,481
173,199
71,994
39,169
36,914
32,288
87,374
28,291
3,793
104,95
82,704
166,248
137,417
136,652
106,354
88,838
78,566
76,42
142,909
49,435
112,364
137,430
13,247
187,583
103,949
66,426
161,564
168,98
98,712
68,113
90,167
119,914
194,810
163,678
63,500
150,1
198,830
140,687
9,428
115,842
31,806
176,462
61,33
104,16
60,457
35,702
28,224
86,407
82,988
174,556
41,875
62,35
11,483
110,389
105,628
42,55
159,590
134,583
168,331
97,330
8,930
122,232
90,313
155,601
27,602
31,875
65,976
174,904
136,470
35,611
196,553
12,625
141,989
56,538
77,400
153,564
75,617
176,874
179,127
92,246
30,34
190,94
135,772
105,38
122,730
10,824
78,805
148,869
36,61
83,1000
103,917
46,111
65,12
36,272
42,795
58,848
115,340
185,851
52,270
6,66
39,568
192,816
22,265
98,595
63,410
176,354
10,930
11,961
37,704
64,82
71,862
43,337
131,313
170,389
34,38
57,743
189,127
165,615
54,460
179,566
140,311
75,31
176,172
18,225
189,627
172,330
116,161
35,791
138,923
69,168
183,666
143,129
54,374
58,98
174,901
129,148
51,365
49,63
66,982
112,576
44,310
11,760
143,20
3,519
83,914
8,692
91,351
103,503
167,421
176,531
79,35
191,55
196,517
58,612
180,787
152,897
186,647
159,116
113,577
106,631
60,201
178,915
88,273
105,467
60,194
137,590
101,465
90,923
136,390
3,918
1,808
79,512
72,84
83,324
81,791
57,251
189,396
177,469
73,762
73,140
12,58
165,936
91,918
99,655
56,234
138,948
85,322
181,392
38,633
44,6
196,598
171,392
139,986
190,255
90,300
193,480
176,990
5,128
113,916
87,419
179,613
6,63
83,753
196,525
51,386
20,571
128,167
43,245
4,550
2,910
141,314
147,129
196,614
150,804
104,271
149,245
65,214
164,383
70,641
6,71
62,877
72,5
172,359
115,662
72,590
120,245
38,219
187,586
19,198
71,627
10,489
135,188
157,167
117,367
56,670
178,772
55,708
18,719
37,988
47,974
28,917
126,984
72,229
11,924
199,265
129,20
112,619
174,114
121,487
148,306
19,563
136,202
172,911
50,423
63,810
153,408
60,80
114,474
43,235
119,738
59,664
106,796
62,801
1,995
109,792
42,790
130,333
174,544
187,106
69,234
45,701
125,701
109,923
106,265
45,781
4,905
52,347
129,150
197,563
105,806
87,775
12,310
26,928
39,118
93,112
81,103
34,832
47,485
188,616
34,666
35,368
72,355
79,709
12,583
174,830
179,428
46,623
129,119
150,699
144,754
134,552
144,688
174,569
88,692
100,238
157,691
191,97
62,785
130,827
199,265
135,757
57,686
58,126
156,15
123,405
193,253
56,137
162,971
12,28
68,851
149,780
156,51
155,312
155,91
44,49
154,181
96,279
8,87
55,726
20,880
25,77
53,785
182,166
66,477
149,415
21,992
45,788
44,18
197,301
123,100
41,198
79,895
172,971
88,632
19,539
143,82
195,857
55,652
87,834
79,713
162,579
110,878
146,595
157,681
102,197
81,528
141,696
113,774
60,187
44,704
127,455
172,15
38,39
22,68
59,875
175,578
134,821
108,612
25,814
4,757
109,409
62,13
53,39
23,833
176,955
128,198
23,655
165,267
116,837
167,992
78,656
179,887
76,688
45,722
168,597
119,782
84,699
177,43
79,512
18,487
22,568
77,893
87,688
199,366
194,766
137,57
55,439
130,785
125,829
8,903
126,163
24,857
108,833
180,96
164,406
19,711
152,539
87,23
163,404
20,638
170,966
85,781
172,828
142,764
13,740
143,308
23,722
163,150
45,752
105,863
47,801
132,39
62,122
68,158
102,109
94,801
192,935
22,209
127,478
196,264
45,636
131,924
95,9
28,537
181,366
147,462
143,15
16,856
92,668
101,640
104,784
44,952
105,369
121,124
149,382
177,663
54,781
37,182
148,558
95,524
39,463
50,994
99,176
153,437
120,74
199,61
14,34
126,825
186,577
81,860
83,557
61,94
90,43
182,946
191,220
79,453
189,551
138,725
71,960
7,176
190,260
26,293
177,13
178,894
136,723
86,141
77,277
160,780
163,674
184,76
40,739
139,972
67,530
173,466
94,629
24,859
8,825
87,385
190,508
143,241
76,33
159,16
17,117
196,307
74,93
69,56
148,903
103,517
120,494
105,36
68,504
96,559
86,140
93,423
19,159
79,60
144,454
168,237
191,804
22,613
59,310
155,630
28,946
17,903
109,834
98,745
86,500
43,151
62,691
12,586
150,561
88,424
48,767
186,635
36,190
97,307
165,894
30,779
105,612
199,794
19,588
127,265
181,430
72,873
168,636
16,511
191,263
97,830
62,597
91,676
183,482
48,455
116,759
155,677
129,984
169,699
103,353
33,455
3,213
43,138
59,94
176,315
91,590
45,436
119,907
61,536
74,879
60,187
193,283
80,148
72,464
27,64
65,665
80,571
173,747
111,916
183,761
72,683
151,421
84,666
112,841
87,227
175,836
120,718
152,288
142,883
138,746
146,283
83,959
80,865
105,817
16,2
30,982
172,41
96,253
86,395
110,930
38,839
175,789
42,844
121,770
198,293
50,368
166,582
142,794
31,539
139,321
38,656
156,825
195,97
174,123
45,434
22,279
63,45
79,861
88,156
197,851
159,194
83,823
183,74
128,872
182,590
166,355
106,80
32,608
55,774
105,113
11,226
77,950
68,443
196,850
89,350
148,767
175,20
120,185
69,637
152,318
134,718
111,555
114,972
79,842
27,836
167,305
64,808
156,244
126,731
4,461
118,648
141,68
180,474
137,224
26,34
176,58
87,5
177,68
147,601
51,541
12,849
111,135
9,643
134,478
147,133
60,221
175,717
83,276
154,980
9,306
1,723
40,755
56,338
12,332
4,935
54,394
141,187
70,842
20,426
33,31
24,525
197,304
107,290
95,357
74,302
193,339
135,115
77,549
130,614
13,685
17,848
23,53
138,975
112,68
144,347
78,562
92,394
41,187
164,106
63,256
102,193
187,879
113,432
119,524
196,882
131,162
48,630
135,944
168,803
58,193
181,928
195,836
61,176
98,531
85,383
139,547
130,123
160,322
179,127
182,91
95,204
21,113
71,761
192,302
5,39
86,737
112,716
182,871
23,782
98,521
72,519
43,294
82,897
188,919
141,54
164,706
179,82
190,84
166,231
134,165
183,918
158,880
149,943
192,325
44,529
1,503
2,771
23,419
127,33
22,78
146,676
101,613
131,909
25,106
138,679
6,967
75,180
64,43
85,583
90,284
77,477
140,656
114,143
7,432
141,311
121,972
64,154
53,850
195,77
72,191
92,802
21,262
132,157
179,252
106,44
11,132
69,777
149,149
167,647
136,225
60,803
45,99
104,17
47,31
64,90
159,377
17,487
48,145
129,205
45,868
163,350
155,234
126,972
86,161
6,556
133,943
48,213
198,233
163,518
52,256
13,601
9,847
1,205
78,813
178,11
126,496
72,962
174,218
140,952
81,784
98,521
160,414
82,225
132,913
112,569
43,862
159,664
127,372
29,883
41,179
188,582
54,454
74,213
79,43
171,386
171,722
126,365
103,795
119,346
102,619
40,537
2,108
115,572
196,256
63,227
67,946
83,585
174,947
140,400
38,686
52,803
58,672
81,963
185,458
185,291
1,546
32,648
6,100
70,619
80,730
117,789
137,164
42,779
64,555
151,67
72,889
99,65
106,188
152,934
58,548
133,651
9,10
80,230
15,195
170,456
54,590
93,672
150,320
153,984
28,807
115,96
65,517
57,27
162,160
160,766
56,375
30,470
70,267
150,267
72,508
14,392
33,994
186,914
190,999
174,642
196,858
106,2
38,945
114,289
48,301
12,471
160,485
130,833
35,586
186,68
111,649
110,299
29,259
160,961
37,247
174,211
54,969
138,914
133,617
195,787
104,580
193,184
49,420
115,399
73,556
174,255
109,794
164,347
22,193
99,88
49,683
75,985
50,599
168,932
4,1
122,654
125,183
173,577
134,69
57,512
193,696
21,972
20,486
24,446
130,480
146,124
31,814
84,31
20,757
138,376
80,675
73,680
86,273
173,616
26,504
137,313
27,76
133,753
130,178
131,559
63,440
183,477
137,803
60,137
113,26
66,881
105,255
171,968
161,617
53,416
35,62
33,155
80,58
176,697
48,168
193,155
99,448
120,842
120,624
189,285
53,47
110,521
82,480
115,423
177,262
121,792
20,397
100,998
3,792
194,226
146,893
185,975
53,991
64,156
120,691
107,914
29,399
9,960
156,803
170,628
15,703
77,494
108,842
198,97
56,650
111,391
100,596
170,387
91,751
187,417
4,65
80,151
146,591
163,341
199,471
166,18
88,100
29,693
86,598
43,896
64,200
185,22
103,878
141,872
162,349
103,889
96,656
177,939
192,448
52,570
155,813
68,479
26,87
127,451
7,867
124,522
37,946
85,356
91,340
68,950
19,842
34,764
50,831
189,315
80,886
157,367
5,104
3,319
186,666
40,295
33,6
6,691
8,341
13,4
170,799
171,620
81,199
190,87
101,354
66,688
170,336
101,723
171,764
120,171
122,929
197,593
4,74
27,868
73,993
13,982
5,812
101,770
20,414
71,531
16,10
91,240
156,542
175,462
78,180
66,584
121,554
189,415
161,490
9,242
83,870
145,39
117,494
72,510
38,378
70,748
145,474
111,930
1,117
31,793
45,595
134,307
94,685
93,895
76,998
12,348
59,692
24,767
160,17
162,246
64,799
31,421
163,201
106,658
180,838
148,922
200,409
79,527
189,514
8,286
126,472
157,556
191,899
56,719
154,949
74,468
87,197
53,174
27,332
188,167
101,79
179,147
111,727
181,341
76,753
132,858
165,261
149,59
95,946
45,761
165,925
161,166
81,569
56,744
36,786
192,35
36,961
55,415
54,691
21,790
140,700
127,485
101,163
190,307
45,958
62,450
23,26
96,561
85,546
166,63
23,465
5,229
40,380
71,899
148,584
133,870
130,844
177,834
85,33
69,637
183,271
168,135
177,231
54,145
93,684
108,201
185,640
22,615
88,273
4,254
130,116
128,768
118,704
144,825
46,898
141,314
188,470
70,803
47,994
26,152
157,857
112,636
93,89
51,251
33,969
87,409
12,545
42,125
119,274
159,57
1,755
56,935
138,497
101,862
72,161
66,979
134,11
89,252
80,397
197,997
134,314
194,99
183,642
67,751
170,406
160,743
53,640
14,792
192,91
172,686
158,794
99,466
179,279
22,12
63,446
116,661
198,453
31,828
116,742
193,578
76,612
86,993
112,786
197,457
107,959
178,531
122,29
192,812
30,388
170,289
83,479
30,313
146,508
19,563
21,622
125,983
43,75
174,169
127,150
165,623
141,259
62,33
33,272
7,433
161,444
19,235
160,102
2,447
18,151
44,544
95,312
118,476
192,136
7,363
100,878
167,266
14,575
130,925
50,707
107,708
61,805
51,466
160,951
106,870
93,226
141,6
114,14
79,206
85,121
150,428
81,313
110,412
80,138
102,67
131,772
44,258
189,879
51,935
101,394
77,558
3,399
84,516
179,442
185,34
139,755
48,780
98,135
113,221
102,54
92,790
146,705
152,989
68,138
166,63
140,711
64,690
187,249
98,617
176,692
133,81
36,154
62,895
50,698
116,767
116,618
154,884
70,119
101,968
63,277
63,79
141,965
117,406
21,908
169,746
75,615
105,655
160,864
183,864
36,477
179,123
111,856
134,298
58,380
105,913
11,789
14,590
49,872
44,871
62,725
89,614
138,313
100,390
123,187
197,20
147,744
51,491
146,753
91,299
8,619
96,676
144,634
118,72
39,798
168,387
105,193
162,408
10,176
47,304
99,266
109,371
34,214
66,557
8,514
195,182
117,880
51,962
22,254
184,569
154,528
140,906
60,139
120,467
70,71
24,79
141,462
42,111
40,457
6,658
108,584
145,766
49,90
171,788
176,179
200,454
182,846
116,81
41,805
80,62
32,897
129,728
151,969
69,406
72,686
171,29
138,607
37,892
101,518
74,66
29,887
71,53
194,187
184,516
4,417
56,821
71,783
136,669
143,572
42,462
157,109
91,827
199,356
5,998
146,583
131,291
183,728
1,751
181,244
170,433
179,194
164,183
57,60
42,878
116,243
20,886
32,985
21,815
58,596
48,10
26,109
14,774
26,639
59,133
110,590
164,475
4,38
19,814
165,196
97,601
65,547
150,834
28,903
192,97
124,428
15,798
39,473
145,447
187,431
198,735
190,252
62,204
71,959
136,908
35,931
67,632
154,238
85,730
130,117
8,25
161,735
58,374
27,407
193,295
99,200
66,260
124,895
60,496
134,661
55,757
122,478
191,101
49,26
29,343
198,270
69,524
166,769
104,988
129,787
31,317
12,882
91,486
37,301
13,845
165,466
176,308
198,598
144,921
80,606
161,504
21,590
69,786
25,97
149,257
136,893
127,201
86,507
81,928
30,670
32,200
149,723
21,155
176,883
27,590
87,260
75,777
91,681
96,196
89,894
109,460
122,73
125,510
189,268
167,41
64,865
54,153
43,932
114,40
133,641
50,895
27,925
155,828
42,90
79,568
75,764
193,946
7,933
46,683
62,75
144,681
57,949
58,586
2,829
108,831
15,185
172,844
188,359
48,774
18,292
134,236
15,110
125,415
127,600
18,186
32,900
47,262
161,141
103,879
56,472
44,662
112,541
11,474
191,776
148,485
20,291
123,450
139,603
163,304
93,580
115,386
103,965
78,462
2,285
111,825
121,3
92,715
189,486
136,816
197,727
139,1000
55,162
49,645
28,169
179,686
161,688
3,560
33,829
88,240
18,417
78,347
94,523
152,315
34,982
86,28
196,388
106,362
98,937
28,523
74,547
51,573
120,798
100,593
106,662
192,452
19,831
68,633
2,752
155,8
5,288
47,367
35,937
9,543
69,411
177,170
21,738
198,832
187,506
10,5
176,140
141,203
35,876
102,296
161,26
105,505
185,264
190,944
62,343
39,605
168,414
190,358
1,249
102,519
149,314
159,584
135,536
7,957
121,669
33,389
147,495
144,489
24,411
183,636
41,326
196,575
153,588
54,661
189,920
133,337
150,723
10,326
126,209
12,424
42,454
124,52
52,57
195,208
122,160
29,419
192,862
42,589
113,717
106,58
132,113
48,816
156,919
88,188
91,888
33,663
98,312
160,681
53,791
200,326
68,986
76,939
8,999
129,475
118,998
4,243
151,53
26,630
156,839
176,311
41,787
200,849
164,524
141,896
28,231
186,624
19,621
75,31
57,421
39,674
87,84
191,304
169,648
71,825
47,143
132,709
105,126
15,844
181,157
1,868
32,136
157,18
76,21
145,434
23,940
133,694
15,188
73,899
66,972
62,201
110,323
116,720
82,567
151,571
57,125
112,198
185,413
82,226
75,217
80,845
178,85
17,942
120,119
8,299
22,392
86,125
64,163
80,539
116,535
71,633
12,635
136,145
88,494
121,881
25,581
199,286
51,734
190,85
35,34
42,611
160,314
9,174
47,948
146,712
83,32
75,701
127,9
43,57
34,371
56,787
157,919
70,875
67,253
108,477
14,56
40,129
196,385
130,206
141,53
109,398
36,947
85,162
136,19
141,15
7,378
124,758
79,837
14,906
51,672
62,443
151,348
139,594
50,766
100,754
90,153
66,327
121,894
110,418
117,885
128,875
182,328
136,529
200,765
67,239
6,493
58,966
6,618
90,171
99,676
22,147
40,610
69,53
156,139
128,726
6,749
82,962
45,767
179,448
124,533
23,721
76,415
114,108
83,633
103,526
21,573
149,54
2,659
38,33
16,289
148,14
134,899
104,360
27,339
95,619
34,508
184,462
10,570
56,671
153,216
54,391
34,953
143,309
100,512
59,916
197,981
74,243
7,501
124,402
49,99
11,335
23,599
182,621
197,997
48,551
130,393
156,495
131,947
27,576
94,570
5,36
138,367
111,403
64,969
96,758
134,434
34,88
61,966
115,384
2,763
151,733
193,415
180,461
86,614
115,680
79,726
120,438
30,210
173,476
43,341
160,16
27,533
86,963
183,836
162,314
138,582
25,912
150,472
151,222
26,699
47,979
115,730
105,910
20,561
182,795
42,998
40,690
96,298
44,912
194,652
74,347
110,744
78,605
103,492
58,6
172,541
18,403
6,197
7,500
148,992
80,746
137,253
164,916
136,977
56,861
26,126
64,443
68,438
123,882
4,393
187,428
117,923
17,611
78,489
19,239
172,462
146,3
161,917
193,321
83,38
13,189
164,268
194,37
64,316
10,636
149,323
171,412
28,471
174,580
180,283
19,784
130,50
136,58
134,747
190,665
168,15
154,576
136,966
143,4
143,788
199,351
132,577
72,311
138,900
81,801
90,466
3,530
60,536
87,689
92,154
176,13
89,531
33,129
119,232
68,906
84,303
87,517
33,762
8,48
111,718
65,105
130,804
53,928
149,244
44,387
141,12
152,381
169,585
183,337
171,759
180,323
131,724
147,359
188,630
127,227
96,997
113,908
81,80
18,681
190,794
5,867
3,491
68,842
75,621
63,30
62,648
47,746
82,134
137,483
89,464
72,462
97,557
31,20
100,734
97,929
26,231
98,800
100,304
180,81
198,383
67,257
173,712
30,454
4,966
14,283
30,555
141,481
52,783
129,925
158,381
64,406
19,449
151,47
122,971
128,759
96,404
14,343
43,133
123,590
52,412
59,463
45,748
102,185
102,201
138,625
149,175
88,932
144,246
145,310
26,376
148,397
127,735
63,693
190,373
12,334
126,774
107,743
178,831
84,701
7,394
100,896
178,210
186,994
62,777
155,685
165,792
17,619
41,92
96,967
40,240
92,500
3,192
42,695
84,578
80,500
16,5
93,252
154,345
127,84
134,853
182,461
80,824
30,169
86,299
192,908
133,277
114,214
16,405
165,711
165,717
125,660
187,495
16,51
60,923
188,793
26,654
155,434
157,56
75,908
29,860
55,397
183,421
70,29
97,668
101,854
167,614
31,442
184,716
190,76
10,414
66,361
113,190
66,241
62,729
65,934
156,855
139,984
149,335
94,532
61,719
16,421
24,529
83,782
74,207
138,898
88,218
95,433
174,751
39,862
61,957
56,49
182,76
75,394
90,915
40,761
90,484
99,617
153,693
123,657
122,827
36,778
4,584
139,876
84,35
159,650
122,635
168,109
133,602
61,750
113,22
50,395
61,71
79,653
165,69
66,926
142,10
110,80
80,182
3,571
163,17
197,953
138,557
146,898
198,837
59,578
76,159
198,832
1,657
159,489
127,502
82,782
148,736
194,536
62,102
146,515
68,334
155,556
165,457
136,370
177,798
144,405
85,806
125,400
123,500
195,907
79,787
186,167
93,505
147,614
115,994
60,976
67,658
197,663
85,80
94,561
18,393
151,466
41,549
76,956
77,770
33,808
112,103
110,403
115,925
197,582
57,847
54,935
13,121
84,935
70,633
13,50
184,272
139,945
187,817
126,351
114,404
129,83
90,495
121,629
109,211
150,700
29,3
27,374
144,888
148,333
51,757
78,832
164,827
50,219
161,872
1,66
195,407
48,490
53,241
140,345
188,405
103,118
6,326
80,102
45,613
197,78
32,403
29,914
164,484
57,250
135,394
68,742
148,407
91,534
45,595
108,418
39,288
18,811
137,54
14,897
64,286
85,239
4,19
52,190
88,344
88,732
166,368
82,707
135,924
102,552
169,139
118,324
167,272
193,177
153,212
78,609
61,900
118,630
62,584
54,71
139,903
178,668
128,782
190,392
187,572
6,222
140,704
108,304
26,971
87,698
49,31
175,12
74,366
52,282
20,396
160,529
157,825
145,479
4,370
159,241
98,24
200,784
92,550
117,418
146,295
147,865
67,443
119,507
116,197
52,845
102,248
94,82
180,698
36,622
46,607
15,718
108,571
35,185
44,600
199,773
148,992
186,734
177,705
34,925
168,529
120,794
58,588
110,886
78,629
36,526
82,469
27,660
79,664
25,142
87,141
24,535
185,601
162,460
186,660
24,727
135,413
53,51
64,396
130,19
23,429
162,674
47,484
24,662
85,416
117,332
131,561
74,626
54,313
2,711
156,961
52,715
162,176
143,729
194,331
40,267
179,340
152,297
161,998
95,285
69,853
185,114
88,547
114,390
176,222
102,50
167,350
92,157
147,369
3,611
196,752
89,691
189,171
141,308
118,113
47,386
189,682
29,117
71,56
68,983
74,863
98,342
150,814
28,262
115,24
121,438
157,331
113,597
47,897
85,589
45,113
123,389
36,314
183,904
101,749
42,583
99,237
143,820
109,902
118,72
162,599
72,11
90,861
54,412
12,218
14,530
192,350
39,73
196,2
17,444
186,550
4,756
27,858
166,234
59,27
154,108
14,534
185,308
166,757
168,102
60,675
199,735
104,122
91,587
130,662
69,882
47,493
123,791
172,761
200,392
137,931
17,816
168,618
77,194
122,816
172,618
53,264
88,630
104,652
117,90
64,221
26,412
160,15
27,900
79,935
184,120
9,943
170,521
110,462
14,9
160,959
129,902
104,179
97,67
82,361
112,846
136,153
145,440
49,929
122,631
179,417
60,195
168,565
67,63
87,550
51,345
144,989
1,119
26,632
98,160
7,514
159,443
192,719
156,625
49,718
53,195
88,254
130,27
38,444
168,400
190,437
90,502
191,96
114,820
116,412
105,878
18,475
174,963
124,716
135,735
111,864
26,907
128,469
88,285
160,26
154,590
141,929
167,928
178,434
147,204
147,495
129,306
122,997
47,192
115,796
113,605
80,496
119,676
68,708
1,223
65,340
54,696
199,93
113,921
76,992
134,90
121,180
154,820
161,373
105,278
35,269
167,763
8,539
142,459
108,202
199,465
19,860
10,939
69,170
33,524
188,377
54,724
74,779
22,391
81,692
178,602
163,465
44,786
16,838
66,58
149,642
87,102
116,525
173,295
22,396
66,608
24,790
165,336
66,141
93,730
103,565
143,434
62,656
118,906
3,188
171,24
33,355
133,728
191,57
164,802
103,201
3,270
158,307
83,368
5,982
98,935
56,934
6,867
8,136
1,812
178,485
118,588
27,228
85,536
120,629
20,194
134,621
71,473
11,419
198,663
123,401
31,758
75,354
56,858
112,132
47,560
15,778
182,584
174,37
47,894
117,213
126,734
130,336
132,694
54,841
76,7
170,360
55,759
104,400
159,608
66,713
74,681
170,114
188,265
7,841
102,79
88,53
24,718
157,646
144,444
191,84
111,36
168,742
70,262
61,272
70,509
62,208
73,88
67,321
51,180
129,571
139,543
169,906
175,899
101,806
24,506
181,693
55,71
199,260
63,499
32,98
163,880
129,740
7,648
82,739
54,310
84,210
71,6
110,154
39,268
13,754
44,410
178,826
10,980
187,958
148,601
181,138
98,252
37,222
68,482
28,607
176,276
102,500
62,87
127,745
171,527
74,809
143,867
77,249
22,115
9,900
105,768
165,482
77,244
109,886
83,420
99,434
86,339
46,299
32,493
36,315
96,614
20,275
105,353
111,220
58,992
104,151
73,164
35,437
24,794
178,5
85,675
168,435
105,473
119,99
46,729
121,851
140,278
196,184
161,956
145,915
183,957
24,684
197,177
96,753
50,939
61,261
133,973
2,242
94,716
188,985
131,136
122,300
48,514
2,779
196,758
4,318
91,1
156,717
107,842
155,542
53,72
63,235
92,671
23,407
39,841
176,224
36,731
27,863
89,759
25,984
136,106
128,763
102,496
128,806
43,138
56,821
37,819
12,92
81,607
27,129
194,922
28,562
96,115
187,10
60,66
115,36
139,4
65,611
185,22
115,286
161,135
149,287
1,391
174,246
29,266
23,797
155,935
135,576
105,701
140,416
142,18
19,633
12,178
178,905
155,688
180,902
197,609
134,654
94,988
184,927
134,860
74,341
120,16
20,645
22,301
53,772
102,928
34,410
136,503
48,970
183,466
140,71
80,128
5,727
80,471
70,578
32,893
105,95
71,305
105,102
113,870
92,744
119,228
179,669
111,25
139,447
11,888
13,718
33,453
128,515
106,406
48,921
126,875
95,254
114,156
5,66
193,402
24,348
106,802
125,27
23,894
162,232
132,215
74,337
162,393
193,212
14,792
176,664
184,971
31,793
161,103
198,696
132,475
144,441
114,254
199,340
126,951
29,253
103,915
11,809
184,805
28,804
102,64
189,745
155,301
175,105
178,98
196,219
157,934
9,454
158,719
78,896
115,837
142,347
107,638
138,60
112,327
44,349
108,88
124,699
117,310
37,848
109,936
123,247
93,509
17,927
130,37
90,658
44,826
12,855
32,417
2,636
151,862
45,41
27,634
127,812
62,187
192,414
28,727
193,565
96,163
10,806
24,977
139,333
141,931
54,683
136,627
18,633
150,82
93,399
51,922
102,430
91,109
1,834
2,842
66,695
39,753
20,143
82,977
32,979
168,132
188,665
122,823
54,3
147,602
76,25
136,197
13,750
51,863
33,87
32,589
100,917
97,838
158,984
111,112
127,329
170,549
16,719
114,1
82,471
32,268
165,21
52,526
136,818
20,251
58,534
15,438
191,199
16,296
92,377
198,308
132,224
5,166
151,728
93,188
58,263
164,121
124,616
180,414
176,258
187,801
6,41
126,348
96,940
183,612
144,293
141,564
152,968
152,277
107,516
149,895
45,620
188,65
115,258
98,832
102,105
163,578
41,48
128,135
82,353
151,613
168,561
156,600
91,698
150,471
163,14
41,839
134,367
13,568
123,719
139,637
120,393
23,168
83,991
48,102
197,337
161,985
155,441
117,831
40,554
150,764
139,49
137,99
107,990
4,929
19,727
63,633
134,373
90,32
51,279
94,806
168,861
77,354
136,24
179,378
149,940
128,114
171,394
43,746
92,860
179,194
24,495
165,408
139,775
152,648
111,668
92,760
105,427
176,966
62,617
160,781
62,407
65,950
43,806
9,847
15,286
157,50
21,862
171,755
174,401
37,218
114,443
43,311
98,433
74,321
122,102
98,961
72,578
44,826
145,535
6,293
149,221
49,743
147,527
156,478
119,149
109,677
77,531
20,771
142,171
49,26
49,331
32,878
42,74
115,10
74,32
133,793
119,367
187,834
157,786
65,20
109,811
197,584
151,755
30,799
29,824
187,402
58,940
92,33
38,927
44,785
77,498
17,503
3,635
1,151
106,922
80,161
122,970
156,841
33,38
64,147
47,742
84,836
134,395
90,456
144,782
9,544
49,33
40,139
76,64
126,409
45,12
138,707
84,492
138,731
116,729
127,644
3,616
189,449
125,666
68,48
52,606
67,24
115,402
171,597
125,694
97,261
102,127
42,376
55,998
12,688
39,279
76,806
124,866
45,490
96,418
60,750
71,854
12,35
145,579
81,78
184,316
132,993
160,270
82,870
192,118
100,924
18,345
196,477
195,601
59,669
145,342
58,439
115,864
141,731
138,209
167,371
115,278
98,524
138,401
174,866
121,477
107,835
112,693
91,436
80,679
103,415
30,744
31,616
7,334
15,863
104,683
190,590
158,523
51,978
10,725
124,621
140,585
27,312
20,910
133,613
103,960
49,474
2,181
83,669
49,420
110,333
19,281
155,838
13,534
196,679
60,61
121,601
110,689
160,118
55,131
164,603
186,378
24,114
153,890
140,523
143,866
134,581
12,101
191,920
17,504
174,807
193,68
143,814
7,360
11,618
32,594
111,22
12,542
77,227
133,228
23,344
110,421
193,316
21,171
43,849
107,201
20,356
127,859
15,459
111,490
109,800
22,459
50,796
114,549
38,478
87,897
36,471
99,261
65,552
143,188
15,359
179,646
171,571
49,245
24,86
43,199
3,519
113,61
139,810
198,485
40,502
96,916
72,161
94,264
92,488
155,59
28,237
48,503
48,11
189,622
117,59
140,812
71,4
40,880
55,42
156,626
51,99
25,193
128,292
28,183
98,434
120,114
54,859
30,993
125,666
64,114
135,782
183,953
163,999
123,154
92,962
46,876
60,324
132,373
93,958
155,711
188,51
42,975
22,622
6,326
110,519
133,945
77,394
78,834
157,302
177,80
32,842
130,985
53,554
199,439
71,154
117,24
102,439
42,503
149,577
31,927
178,394
70,595
34,164
130,915
85,884
115,65
73,233
129,393
11,302
36,586
172,573
12,87
182,39
78,754
40,714
125,241
13,39
133,86
175,516
101,55
6,952
71,108
153,352
182,342
114,857
200,43
49,515
81,592
82,528
66,783
87,954
113,200
171,73
29,314
22,66
30,860
148,770
88,420
119,382
61,8
76,121
60,133
125,406
194,473
173,428
151,617
73,417
90,139
5,815
142,240
48,495
35,905
164,540
81,349
31,756
18,852
18,500
115,70
8,306
149,541
180,950
159,525
151,920
19,579
112,827
100,228
1,16
171,972
1,91
192,598
120,806
76,253
25,340
4,4
15,379
146,625
115,505
52,651
82,465
1,491
74,77
108,101
91,19
128,929
146,397
191,479
170,655
9,66
39,760
94,697
180,749
173,675
29,443
170,24
69,479
18,948
141,437
146,963
59,144
190,115
93,787
107,465
52,776
182,176
78,924
138,419
125,242
152,367
172,496
25,519
73,793
50,123
27,84
96,73
55,360
25,353
55,865
93,32
90,289
187,599
132,656
92,730
155,112
20,233
68,196
24,367
107,29
20,203
132,428
158,128
36,587
139,246
187,81
89,7
149,535
128,638
147,184
106,296
196,371
99,657
148,68
187,173
180,871
13,377
69,427
113,126
146,995
4,816
34,947
169,596
85,980
87,677
162,955
69,568
52,335
176,136
15,369
52,80
163,80
134,51
186,209
90,369
52,41
183,604
54,323
8,219
63,925
182,515
164,374
40,217
151,208
57,664
179,321
167,166
134,912
30,390
123,300
70,259
174,64
138,566
151,111
55,751
73,95
154,199
106,648
186,729
67,48
53,817
89,58
44,643
192,532
122,261
64,221
9,954
41,941
60,517
15,428
184,6
40,312
158,286
109,724
73,22
96,378
12,837
124,293
175,613
107,622
41,274
103,332
78,614
64,854
76,556
165,726
124,224
79,259
49,940
7,895
39,169
108,526
38,553
177,861
119,436
24,945
17,52
159,771
35,396
198,579
178,926
91,922
118,292
36,979
129,322
53,903
83,178
93,636
44,21
144,860
195,61
39,922
63,688
162,667
35,15
1,751
176,789
62,776
115,451
96,502
41,268
152,762
95,477
155,454
27,284
43,392
106,230
144,68
76,700
193,205
149,984
60,135
45,307
176,506
117,254
85,758
84,907
87,655
133,383
172,101
123,90
150,395
23,984
34,68
4,102
124,505
37,471
38,161
185,225
181,173
9,923
163,606
49,731
29,985
61,74
50,186
17,568
76,444
192,924
111,571
28,888
110,289
64,652
123,832
82,115
60,423
27,350
78,843
53,31
139,615
194,115
41,134
196,893
154,298
158,187
180,406
168,902
101,273
133,810
113,219
76,665
187,354
108,877
133,449
55,370
99,719
171,511
140,331
45,658
118,894
98,658
106,663
198,975
174,762
29,209
64,826
25,199
184,457
10,942
170,224
118,259
16,129
33,22
45,323
3,443
33,238
125,750
80,757
189,883
117,197
157,663
2,437
191,11
59,152
2,125
22,501
72,808
46,117
14,124
99,425
140,560
116,137
126,332
44,330
61,269
149,12
70,800
183,199
12,83
170,665
118,972
106,494
35,918
68,134
176,966
174,230
63,988
11,987
94,348
66,391
83,765
129,288
94,533
180,369
4,283
27,869
44,91
16,613
140,804
32,331
61,281
50,508
70,325
177,465
105,37
16,713
187,811
140,346
20,669
92,936
116,761
105,677
159,781
190,370
88,368
64,302
46,836
18,229
79,674
39,518
112,543
193,283
166,189
124,690
46,566
60,841
79,353
156,51
48,173
153,931
114,419
59,913
11,351
127,616
103,164
71,507
116,673
185,197
74,653
4,121
181,63
6,328
102,419
56,335
173,239
149,300
71,932
73,318
189,329
21,815
129,917
160,225
37,660
57,122
119,543
83,335
15,144
19,726
183,155
9,782
170,379
150,448
192,710
42,415
166,847
38,780
132,30
100,287
15,419
21,67
57,597
54,991
35,753
170,49
53,585
16,269
183,215
111,764
3,296
43,486
157,54
163,121
165,564
106,862
81,515
200,802
4,859
80,410
192,844
132,760
140,467
163,836
131,739
12,870
71,533
100,539
192,791
169,226
108,262
20,976
131,930
180,526
107,831
161,556
200,428
148,939
56,686
149,934
163,366
12,89
85,549
149,964
142,492
48,450
39,928
158,963
109,598
41,536
46,695
7,478
191,91
148,927
96,933
42,401
169,819
106,92
106,799
70,994
20,589
35,730
194,968
173,943
97,482
110,993
22,359
168,574
17,56
66,52
142,317
28,266
174,451
110,313
119,681
82,622
114,351
63,139
53,289
148,126
46,724
6,198
131,502
74,992
20,671
42,546
113,456
153,849
161,697
46,263
173,132
84,115
117,642
71,825
23,489
78,478
84,609
83,170
187,914
121,255
157,444
159,561
54,444
74,700
90,444
26,377
155,222
188,407
61,854
200,834
177,685
188,340
141,487
124,916
166,389
115,341
53,871
141,347
38,277
149,149
109,32
173,130
156,912
168,579
147,548
149,557
174,575
3,559
122,787
102,186
191,69
168,638
69,371
101,770
170,797
49,264
2,146
26,437
30,120
171,264
12,985
11,637
125,508
190,946
57,412
78,831
178,871
113,726
23,190
30,570
14,2
11,544
73,494
76,581
72,920
162,514
68,10
175,975
134,449
40,721
114,524
130,566
25,729
21,444
84,1000
18,863
163,123
101,38
53,286
110,596
193,160
80,868
82,902
35,414
131,472
91,788
1,676
114,214
95,404
31,609
41,361
41,503
81,619
171,658
155,387
31,401
28,453
171,696
108,324
170,55
136,389
4,517
15,931
131,937
147,567
22,102
14,810
124,756
153,76
47,272
46,545
141,855
43,856
12,783
66,226
55,239
97,400
160,715
79,320
183,13
40,602
119,71
185,591
121,225
38,356
105,764
162,34
12,647
128,233
179,689
172,240
48,204
73,964
51,989
41,844
110,854
160,48
197,409
151,857
188,863
103,728
9,280
128,769
152,440
10,614
43,970
136,1000
30,722
11,98
10,917
120,635
34,548
124,852
19,731
188,965
59,264
19,876
7,41
85,761
38,712
200,479
123,751
60,356
69,137
149,281
77,485
121,282
119,658
144,694
41,864
125,175
82,679
48,964
106,209
105,934
184,790
118,683
192,458
10,605
165,61
67,209
98,830
96,79
138,74
97,62
66,936
74,807
62,846
117,600
120,301
183,736
79,75
41,898
16,894
188,150
166,867
8,169
107,66
61,598
102,272
114,697
153,403
197,991
123,121
145,857
174,104
137,563
158,738
87,716
141,881
59,4
28,936
119,308
114,359
47,227
115,614
166,141
49,691
98,758
197,100
145,884
131,449
74,954
135,912
39,105
71,465
47,85
194,694
21,262
13,847
19,645
41,949
175,747
164,597
139,32
158,212
181,127
144,62
31,53
192,276
153,351
114,431
117,427
76,131
122,886
57,329
70,872
122,128
5,220
37,426
191,998
75,604
82,1000
137,615
15,618
190,326
49,714
82,59
198,746
42,678
23,922
79,923
129,152
165,82
144,479
25,122
92,361
148,313
187,401
9,710
171,879
170,334
38,589
81,742
82,873
195,549
189,110
36,268
17,158
61,9
109,291
190,363
172,600
116,389
135,449
56,864
183,220
193,350
178,733
116,619
132,181
29,465
144,114
29,212
196,606
194,714
51,218
88,287
10,432
53,61
181,165
158,100
182,466
115,379
46,398
50,333
98,600
4,265
14,387
13,788
56,33
113,823
69,364
136,673
13,17
100,385
80,829
146,411
10,92
8,668
60,506
66,31
96,852
157,338
126,396
185,936
44,16
9,118
164,822
65,418
135,437
95,148
25,426
32,42
127,802
68,776
6,120
122,737
180,251
16,233
48,689
131,379
4,188
105,509
93,627
199,470
184,882
50,18
86,138
151,715
30,605
31,485
140,886
38,14
150,323
21,339
116,346
60,370
93,462
14,128
16,533
55,718
77,460
103,800
133,858
19,646
3,88
38,345
184,354
31,93
166,241
18,505
95,769
7,219
106,316
109,622
44,984
174,181
122,793
127,921
79,987
92,542
10,316
188,586
22,372
97,440
21,233
88,166
33,161
167,187
68,215
43,320
25,562
59,661
80,13
122,129
169,940
158,599
159,843
28,607
73,676
63,651
37,866
175,800
4,618
191,590
123,692
85,813
151,989
69,501
6,739
114,632
137,309
164,287
133,459
170,593
137,674
32,958
145,236
106,167
155,86
174,468
147,390
32,646
176,793
199,356
88,370
190,567
177,501
69,796
154,107
31,866
127,501
48,449
167,976
125,328
154,737
103,45
92,615
9,933
134,207
88,25
48,222
72,888
187,514
142,266
183,84
136,351
135,815
150,719
118,523
54,235
144,872
54,320
138,241
94,847
