750000
4,470
97,809
94,21
168,863
189,664
98,46
6,978
196,473
22,807
17,291
52,909
74,597
33,539
193,518
178,67
71,857
58,685
40,598
144,979
175,970
152,251
136,219
101,245
188,46
185,655
167,626
139,575
119,252
152,943
75,91
66,199
118,396
31,229
78,292
64,675
42,382
115,275
160,558
151,723
143,282
5,70
108,595
88,61
41,473
103,175
174,218
47,6
138,483
30,714
84,732
176,578
25,109
98,68
165,287
135,970
118,292
42,554
143,942
33,716
188,509
98,993
147,821
77,654
17,615
134,912
36,760
194,357
58,720
50,2
167,51
112,496
50,425
12,71
197,158
47,956
31,260
175,14
104,753
76,491
168,917
50,687
95,298
107,443
175,362
20,224
185,663
52,687
37,867
24,868
143,615
105,833
183,163
83,254
125,423
14,592
18,783
125,92
33,599
62,531
173,204
128,416
21,699
42,951
185,501
36,799
179,218
127,486
96,927
135,116
132,754
41,269
77,51
176,949
70,789
160,758
24,163
84,768
127,76
169,423
116,180
63,269
111,227
140,293
147,783
164,448
200,901
125,493
60,247
22,166
162,514
113,925
152,691
59,367
151,188
13,986
118,754
105,372
164,456
133,295
153,428
171,838
107,291
87,280
31,634
107,547
28,970
132,185
74,132
11,313
119,505
55,464
50,162
127,905
5,109
143,79
182,879
185,358
183,401
147,165
115,812
146,885
75,764
112,813
93,831
133,336
63,643
78,455
102,904
73,410
152,655
25,268
110,577
70,283
13,35
173,304
13,87
83,882
171,699
133,454
44,261
43,89
22,955
98,681
77,609
70,549
144,280
78,859
63,954
67,240
120,915
113,713
162,873
63,575
103,503
116,422
150,500
107,754
160,815
6,942
98,59
127,569
112,981
134,640
42,451
167,659
64,269
90,366
158,465
187,721
81,575
126,421
82,536
125,12
130,515
134,967
51,215
132,480
173,516
105,561
74,695
60,34
25,383
200,658
80,915
32,528
85,295
197,260
160,689
178,602
147,761
172,832
87,876
58,638
194,38
112,89
14,307
178,284
176,676
32,628
74,841
62,788
103,836
59,471
163,737
75,508
120,396
197,465
86,701
56,59
87,854
57,145
10,761
133,158
188,829
85,210
154,69
20,74
175,630
102,577
149,53
27,127
160,5
33,815
63,993
88,744
97,813
28,493
179,982
15,468
98,185
187,973
174,306
54,548
10,642
52,584
191,655
1,971
161,351
107,701
75,599
177,375
36,176
23,153
81,717
12,338
196,483
178,360
106,101
170,736
90,500
130,970
106,208
9,823
151,953
102,6
29,384
63,857
195,277
47,968
161,146
79,333
139,3
104,45
9,469
186,734
164,748
159,619
93,744
103,866
92,488
1,419
194,283
65,285
21,588
67,181
55,222
108,914
116,960
125,54
43,210
41,254
75,624
118,215
193,704
197,550
19,658
109,497
199,986
45,739
174,245
86,791
112,66
133,993
126,417
98,679
112,688
141,800
110,542
28,583
21,886
184,640
29,484
114,270
145,560
86,93
29,141
118,497
192,958
77,420
101,172
113,796
142,907
154,682
60,615
67,315
134,353
182,981
41,646
78,587
139,575
39,504
85,544
177,968
134,146
129,750
190,448
109,705
87,997
80,316
125,91
174,646
180,508
140,475
57,351
90,65
47,190
77,973
50,122
2,522
200,806
54,344
14,512
77,617
123,877
105,641
105,605
90,439
146,646
126,340
81,65
148,195
83,574
191,986
177,499
56,759
64,410
8,884
50,23
132,54
125,496
198,75
178,265
46,377
60,707
11,962
112,361
137,680
48,67
66,839
85,912
193,359
172,697
155,590
2,603
154,890
69,593
117,544
23,64
185,68
172,595
12,495
111,717
51,683
187,621
113,894
38,189
98,165
73,98
129,718
69,939
89,417
193,241
167,348
13,394
96,81
109,419
152,184
193,249
36,803
5,651
10,625
93,520
200,236
145,11
176,247
180,462
48,829
50,302
34,567
26,327
17,770
26,576
105,363
2,1
160,185
152,206
184,532
129,256
102,9
43,537
151,415
145,397
122,757
180,88
163,786
56,47
120,505
192,376
27,818
62,825
43,904
93,657
132,360
57,38
136,252
114,408
86,48
72,580
84,145
129,481
2,422
199,333
191,54
103,948
31,416
127,640
128,399
5,594
40,420
132,616
124,521
36,904
166,148
198,509
39,461
71,741
155,241
196,658
87,379
165,62
142,803
30,792
5,686
33,310
167,822
104,160
169,993
4,202
57,616
46,882
75,497
60,554
199,705
176,277
159,107
142,220
198,261
13,986
36,727
113,98
105,748
147,289
81,405
9,831
88,344
19,437
92,698
188,10
85,949
13,726
41,97
119,517
77,406
44,880
58,802
7,940
168,559
76,217
116,227
28,486
54,362
58,902
134,361
179,369
78,251
59,881
186,321
149,30
15,387
22,290
143,20
153,755
155,443
47,213
116,837
197,47
84,421
45,105
110,78
26,293
49,784
98,882
33,753
103,187
183,673
40,567
28,75
108,913
52,154
151,992
177,296
110,314
81,347
86,394
10,249
178,845
126,238
161,424
162,428
20,165
151,355
99,401
172,839
128,181
148,948
187,816
186,256
97,292
137,391
76,178
47,850
120,117
142,197
40,644
154,431
26,331
9,316
85,192
62,784
98,597
70,519
11,971
100,611
61,286
48,753
191,399
154,372
113,902
6,563
94,861
77,947
22,7
41,103
199,176
158,727
144,332
133,859
199,351
71,660
92,627
172,35
179,52
18,615
194,546
148,80
10,679
103,164
195,483
197,318
200,798
78,107
197,179
111,826
67,140
101,529
30,394
152,714
102,726
9,511
168,61
172,377
167,737
5,341
79,632
146,909
95,221
131,550
49,979
135,739
146,376
30,284
56,565
182,830
114,600
35,920
180,634
17,297
105,336
148,278
200,745
135,394
30,856
110,183
85,917
198,475
13,495
187,467
142,268
41,104
141,109
12,42
67,523
107,119
125,3
88,520
84,92
56,894
192,6
59,471
36,525
34,519
136,22
160,562
64,135
56,296
146,82
42,292
99,278
177,564
132,256
57,881
80,97
115,611
200,228
139,994
159,76
92,731
27,777
115,33
139,500
37,897
43,428
96,600
177,676
146,68
149,159
166,903
151,437
9,375
48,956
27,168
171,723
107,352
146,434
43,689
4,645
137,24
9,974
102,999
80,355
91,405
141,805
129,612
139,3
129,425
87,683
128,524
196,461
81,789
93,880
73,732
77,135
81,327
12,953
145,409
30,521
140,343
82,219
27,230
63,179
75,314
110,872
70,338
196,691
158,448
128,378
27,196
77,118
57,74
126,639
195,713
186,595
110,623
38,775
169,840
54,450
13,474
167,867
131,868
159,96
40,324
84,237
94,26
137,618
13,939
36,36
122,804
22,47
180,865
186,388
140,1000
32,550
64,356
44,942
51,866
66,959
162,979
49,964
70,407
184,320
20,593
72,10
23,50
132,796
167,450
97,446
150,733
34,373
160,854
82,168
46,306
41,56
39,508
14,828
46,620
31,639
138,171
173,243
155,652
131,797
97,179
151,461
196,86
81,233
163,999
144,251
194,962
188,384
123,681
92,202
30,913
136,288
138,4
117,397
141,862
48,154
13,139
169,931
55,210
73,926
104,523
50,427
136,813
47,578
75,764
118,880
98,867
164,590
127,237
54,305
101,610
41,141
56,315
124,344
83,809
147,88
191,197
134,852
69,964
157,206
139,411
47,577
199,908
97,809
9,851
9,848
108,528
53,796
81,604
185,342
105,270
65,260
127,442
155,384
26,199
176,372
198,321
67,547
164,231
175,746
186,601
178,542
64,434
101,773
180,779
16,178
113,318
80,458
118,986
127,346
98,374
75,986
84,252
98,617
27,122
182,136
94,133
67,98
188,158
43,768
74,865
46,269
144,743
48,845
14,176
183,768
150,503
130,147
128,759
172,304
105,648
24,942
25,968
150,771
119,760
26,789
36,688
54,224
197,735
121,157
71,831
75,313
176,512
116,328
141,870
187,30
149,496
84,979
29,1
157,224
123,262
27,124
148,325
82,797
161,467
30,190
83,470
51,4
20,418
130,327
77,360
20,208
124,280
102,387
150,252
8,278
46,824
26,763
23,693
76,125
199,202
36,687
194,677
6,870
62,176
91,965
155,562
17,642
172,351
14,550
77,892
56,621
114,631
170,609
94,991
38,60
116,79
123,13
67,605
102,171
15,304
163,949
106,91
145,205
3,400
158,244
187,188
148,14
43,83
35,7
7,247
121,436
124,319
19,365
196,690
59,831
169,253
87,763
88,976
43,178
131,746
155,231
155,679
119,385
51,793
30,634
80,199
150,151
2,970
4,120
119,81
186,709
45,44
41,542
183,525
84,157
188,683
110,855
82,850
104,823
28,111
170,703
196,783
2,375
135,67
188,526
152,668
54,13
153,245
181,638
190,129
143,664
26,303
57,472
170,695
126,489
93,814
141,406
88,269
63,988
123,738
18,579
65,977
14,663
69,739
34,651
93,790
195,848
59,458
122,587
14,452
196,908
83,502
45,376
80,611
199,83
16,556
21,568
162,29
33,881
183,294
53,553
72,615
142,156
195,634
190,660
50,854
169,961
79,328
80,800
191,135
55,998
194,832
179,126
195,424
49,702
148,486
167,755
20,472
39,695
114,365
141,741
45,111
98,227
154,877
181,250
2,994
12,116
130,990
146,478
175,820
17,766
91,773
193,411
130,990
7,671
162,608
170,35
142,751
116,803
169,610
111,917
40,550
121,799
14,972
110,565
135,523
124,791
163,889
191,469
177,334
176,132
149,933
95,953
25,802
27,756
33,87
21,47
85,483
35,705
172,990
100,401
94,264
170,439
14,755
106,108
133,764
40,496
88,866
177,138
81,998
180,994
54,802
129,899
19,501
188,957
178,740
5,243
106,100
23,526
196,930
180,620
91,177
152,571
94,440
28,570
120,12
165,874
13,583
176,16
33,774
154,730
46,649
36,524
27,307
11,355
27,893
101,31
83,699
11,950
130,590
131,907
198,561
114,652
65,445
29,787
89,620
8,116
144,4
165,726
100,300
59,872
25,447
19,651
190,916
192,804
6,772
62,894
93,381
118,471
179,196
129,455
135,512
146,572
37,98
199,863
27,363
181,257
32,490
81,469
85,551
5,603
55,344
162,356
4,124
12,507
144,170
122,314
177,454
25,327
160,388
102,551
31,393
152,748
82,323
76,259
74,293
107,787
62,962
138,3
22,539
190,840
37,747
28,363
73,495
59,387
9,782
144,749
67,367
150,118
68,751
108,633
135,260
142,721
83,136
61,3
98,824
4,894
172,105
121,762
171,241
93,755
85,349
125,51
192,590
123,770
156,872
57,300
154,900
91,351
30,541
17,75
55,744
77,344
13,4
45,157
168,191
79,543
35,742
168,818
145,401
115,714
121,369
108,666
89,303
109,331
106,581
195,350
25,627
196,196
57,177
147,758
47,969
61,63
113,981
186,894
198,319
21,357
115,691
71,214
198,187
190,765
4,126
46,277
168,25
82,754
25,286
180,830
65,855
150,216
50,288
138,283
200,957
184,639
116,700
132,986
112,584
123,92
191,195
18,389
66,912
13,311
72,330
46,843
95,179
92,610
92,894
78,704
196,616
31,229
170,37
199,551
31,382
105,230
2,194
75,317
175,367
7,52
28,504
147,726
198,602
60,132
191,880
94,16
77,271
3,3
12,925
164,704
37,682
42,20
86,600
69,146
124,161
138,755
148,939
138,841
175,561
155,456
107,556
117,254
21,588
87,655
35,543
21,833
174,200
129,105
88,113
5,571
90,349
67,117
169,554
8,105
72,346
37,538
106,428
91,36
8,568
109,850
147,457
197,958
143,435
21,611
93,575
144,427
8,799
106,268
74,520
95,726
105,264
126,649
43,307
104,485
138,152
27,235
39,868
44,723
153,672
43,910
87,283
97,185
54,586
60,992
82,117
77,780
106,63
149,128
114,256
128,285
13,950
198,726
87,788
193,267
92,987
164,836
56,505
108,7
64,321
149,743
73,229
42,614
127,232
2,246
122,108
120,62
118,314
1,824
190,918
45,719
168,825
198,127
96,167
13,113
153,23
148,859
197,501
122,211
45,310
65,958
78,377
16,775
154,480
97,590
127,299
107,776
198,990
163,593
113,124
183,105
120,906
79,641
12,792
161,470
107,739
109,848
88,256
10,817
77,848
147,855
116,999
165,205
22,976
160,242
50,392
9,913
113,770
186,184
172,792
12,652
8,878
34,302
54,851
175,257
29,623
35,109
29,988
48,849
194,842
194,307
166,250
150,315
37,815
123,115
80,24
30,99
119,8
99,661
59,717
129,556
40,170
178,752
149,708
62,606
140,112
163,892
7,980
192,91
64,829
19,99
64,364
38,716
149,666
97,899
200,883
14,965
13,952
63,955
165,182
75,768
101,881
77,204
45,972
54,136
8,210
4,386
131,54
66,430
113,888
194,138
113,696
79,313
81,771
123,852
159,888
192,111
40,17
161,725
9,207
108,91
16,689
193,271
186,564
84,121
92,958
175,338
165,352
140,943
121,104
62,36
34,903
125,171
150,425
46,179
176,902
51,519
52,897
36,620
46,36
171,895
162,264
53,134
181,977
41,246
34,918
159,836
145,71
92,93
113,21
36,206
28,500
95,403
44,648
4,601
153,914
169,846
60,850
34,228
187,943
193,547
23,601
193,324
89,399
166,711
169,387
153,370
166,566
34,861
29,845
58,770
191,504
137,337
80,546
21,130
105,880
37,45
137,494
151,586
155,946
179,177
110,168
143,422
190,187
134,771
52,412
118,333
11,392
89,684
95,436
65,961
35,706
42,88
77,53
73,681
73,863
13,133
41,527
8,347
38,727
181,731
21,850
79,167
63,913
23,442
115,781
55,759
84,993
11,870
118,889
33,354
31,535
43,320
199,524
32,595
158,107
173,902
125,470
67,28
5,382
84,803
74,485
198,228
11,491
92,297
110,590
119,110
77,787
86,229
112,72
41,632
85,335
126,676
187,34
67,292
133,97
136,945
116,402
80,799
143,12
96,83
94,793
60,401
1,422
44,189
77,333
57,803
48,789
137,506
132,749
144,257
158,633
13,579
134,69
38,236
36,286
103,268
165,522
78,747
95,39
139,431
120,415
167,27
15,440
171,599
11,85
102,699
72,183
104,296
68,739
90,311
89,783
150,218
107,270
57,688
171,350
51,743
149,757
148,997
34,301
9,20
8,490
12,879
145,333
114,255
73,903
99,373
192,885
127,346
12,473
122,510
164,689
108,407
2,684
53,824
81,306
10,30
153,65
111,39
46,601
165,872
91,968
180,704
173,750
48,277
106,970
134,205
196,40
122,398
17,176
23,834
32,724
144,86
73,73
135,90
3,912
56,38
90,576
5,896
116,172
61,645
111,722
19,728
101,668
1,945
7,582
152,13
5,191
49,865
114,5
95,968
150,286
191,900
133,930
146,587
121,419
149,33
113,892
183,600
6,625
93,516
15,487
29,299
184,263
178,309
120,185
177,5
140,998
196,347
92,499
170,497
113,682
98,803
92,446
191,40
162,518
42,89
5,241
145,509
73,67
93,845
91,323
87,493
84,569
27,463
197,741
125,351
71,940
33,703
61,16
190,451
46,959
170,191
116,409
170,837
2,168
27,195
121,607
30,909
116,729
158,504
80,98
43,585
186,531
38,479
75,268
89,34
73,284
87,378
139,97
54,927
166,394
39,231
38,899
53,255
160,45
21,652
73,632
142,665
199,714
151,160
110,614
59,302
163,651
184,80
139,915
148,86
155,152
126,484
156,944
190,677
79,747
154,791
124,376
133,628
1,171
8,755
36,13
180,116
152,270
153,97
117,707
158,68
3,876
159,621
143,630
123,275
18,613
57,233
184,178
55,899
42,29
146,741
111,911
126,954
26,691
180,343
56,812
103,486
38,755
159,466
194,948
1,855
198,275
71,294
72,132
18,680
179,94
6,482
189,740
188,681
165,718
76,831
155,596
4,175
100,193
3,288
66,502
49,199
198,420
110,868
35,767
160,500
12,81
140,22
61,419
132,313
80,902
174,753
176,766
13,300
69,278
152,501
112,886
149,140
86,63
13,5
119,412
16,919
183,845
1,581
44,279
158,721
134,640
157,129
85,157
79,138
153,445
177,791
141,175
42,281
163,251
120,825
34,721
192,687
64,722
32,645
169,881
1,362
193,224
24,649
69,420
47,471
106,189
53,229
97,161
198,827
155,452
4,34
153,620
181,61
154,985
93,477
123,359
177,355
89,488
68,882
10,656
109,647
35,803
20,860
87,626
94,905
151,780
3,489
12,150
9,891
125,722
182,227
163,801
81,577
100,460
82,254
189,276
40,600
134,295
52,47
107,154
192,574
6,936
93,876
54,357
109,362
116,634
73,348
150,894
41,705
81,735
151,349
166,476
164,53
16,758
159,34
16,582
57,979
127,350
153,177
148,577
49,152
8,78
94,988
163,579
187,40
91,882
110,399
78,653
108,920
83,316
180,513
12,492
70,826
121,236
91,560
106,495
35,68
100,435
177,328
139,688
64,220
37,931
153,496
177,979
2,509
43,952
69,335
117,120
189,300
51,743
146,82
142,182
128,49
108,194
65,29
162,730
160,477
130,925
131,694
186,508
94,910
9,853
1,525
117,741
64,996
70,563
92,756
137,254
180,610
113,405
134,697
10,999
46,105
144,216
37,29
47,928
25,216
189,716
83,717
83,435
50,921
105,953
191,485
57,107
114,956
60,626
102,673
79,500
150,998
137,457
31,154
159,854
157,190
178,817
182,708
115,634
98,355
25,852
20,299
161,305
175,188
181,189
129,592
116,262
90,155
104,557
33,916
20,537
20,658
55,981
169,67
125,833
155,372
162,826
82,767
195,478
72,605
145,376
50,407
190,502
112,395
68,169
121,452
58,753
83,298
12,620
73,531
88,633
200,908
25,84
185,514
61,936
19,970
70,629
200,793
177,235
119,768
99,432
172,11
31,614
52,458
24,27
122,832
62,970
36,214
190,512
18,415
42,780
48,545
85,837
171,815
101,425
62,693
179,196
164,770
43,833
24,464
38,321
10,804
91,528
136,519
181,794
134,42
142,92
72,415
60,345
132,979
143,695
41,127
157,705
178,83
16,984
127,6
150,580
56,458
135,100
5,439
134,329
181,180
120,147
6,77
41,943
92,622
20,609
52,586
40,461
47,92
193,404
62,224
119,15
163,33
156,896
46,879
124,151
133,979
116,117
127,33
57,328
65,792
169,968
2,856
101,467
66,71
27,697
167,872
27,358
2,464
47,846
153,173
74,732
18,143
19,78
119,321
44,710
87,890
175,857
129,483
3,264
101,861
135,675
97,378
80,699
48,924
159,243
115,242
59,10
196,941
163,669
108,915
65,107
179,536
132,716
109,797
154,189
40,818
49,419
113,658
114,563
57,895
126,150
42,173
22,50
2,479
18,738
179,914
74,216
23,495
2,202
2,926
78,671
98,889
78,299
99,193
195,591
148,639
118,918
109,611
5,910
50,462
99,807
40,856
6,496
107,218
40,596
134,828
125,158
142,31
136,469
28,790
155,467
154,474
21,992
39,550
91,776
104,29
191,36
4,852
195,410
162,301
113,15
138,206
27,452
172,153
11,908
190,465
86,261
29,458
75,224
180,70
29,218
165,738
163,135
142,596
164,20
200,486
86,223
181,674
117,808
107,53
190,291
66,879
108,948
157,694
65,392
97,330
50,451
150,345
109,467
60,371
179,694
92,282
12,700
172,867
113,965
191,10
141,386
196,918
75,54
145,855
170,637
72,637
33,807
69,511
140,967
13,49
173,564
131,365
23,303
162,101
133,447
108,907
134,948
147,581
162,325
157,393
165,978
10,312
43,597
60,39
179,489
169,821
82,63
47,638
142,981
163,325
38,639
106,777
150,234
87,696
127,254
29,366
40,79
33,869
130,87
57,450
135,669
102,482
197,820
131,25
64,554
193,920
88,896
140,39
164,681
27,380
58,563
153,726
7,176
62,378
143,406
78,481
41,645
157,757
168,630
148,677
105,654
65,235
166,504
37,643
78,574
37,443
63,216
126,459
30,373
106,590
76,919
139,924
131,935
43,873
171,404
120,4
127,971
75,534
48,693
12,649
38,11
195,765
36,686
185,160
100,384
184,869
179,15
10,944
154,118
95,229
3,126
101,196
140,799
89,55
140,22
96,653
199,103
188,284
100,515
88,255
101,996
102,31
56,868
174,289
20,635
139,727
57,508
133,955
93,125
45,568
106,1
28,869
198,210
126,559
76,255
82,935
64,38
37,23
89,599
137,692
125,203
192,241
133,338
70,866
150,445
26,707
110,968
134,493
29,713
95,983
47,870
128,292
192,339
125,246
72,504
86,806
94,33
118,842
158,176
84,670
40,679
24,122
144,644
75,390
20,377
91,559
109,111
156,912
101,771
32,58
199,509
176,940
19,501
183,128
135,774
17,504
127,219
152,739
3,226
145,118
125,876
163,843
158,837
73,25
70,497
77,232
179,46
89,666
96,698
138,346
8,638
99,774
187,705
164,770
120,976
114,577
160,868
198,88
131,227
38,959
165,418
113,242
183,793
16,285
71,576
105,422
68,762
114,526
193,530
63,302
10,223
29,964
112,584
133,447
15,256
48,250
142,464
85,64
144,677
169,724
139,885
95,11
33,272
103,887
172,830
13,407
10,435
200,602
90,968
67,964
145,361
141,969
160,785
103,444
8,709
48,919
72,266
76,754
75,416
116,476
150,871
175,848
62,318
150,534
106,160
29,134
119,167
108,662
140,498
91,230
88,537
166,705
66,511
158,140
155,975
48,618
167,602
122,16
37,997
88,413
11,849
84,81
184,615
89,155
16,664
155,894
115,472
12,465
91,259
17,978
83,964
49,679
100,630
192,426
153,81
185,709
19,397
174,201
13,530
98,163
188,586
50,755
30,937
34,992
70,786
80,736
138,991
56,262
65,180
96,97
6,207
188,520
132,168
68,672
32,434
171,898
87,832
134,716
148,588
4,375
131,87
8,880
41,905
130,550
28,804
131,653
132,476
60,58
127,277
29,4
159,515
49,454
197,935
64,999
26,790
162,285
195,446
92,281
147,158
164,243
103,517
6,409
189,721
164,871
43,823
173,331
85,162
169,482
66,342
131,435
119,287
165,283
136,834
46,952
81,731
147,427
146,180
176,111
93,736
150,926
141,233
109,362
12,677
81,816
113,151
170,289
65,973
125,789
157,792
196,673
190,453
117,570
73,842
27,908
133,255
110,860
35,264
149,288
86,415
133,376
101,340
197,129
49,962
39,449
109,729
99,607
143,795
41,876
84,483
123,338
91,935
26,681
45,516
33,221
127,460
17,761
121,672
11,21
53,35
25,103
132,901
11,822
69,481
116,8
90,179
175,393
76,674
166,3
20,612
107,831
38,667
27,110
152,53
188,368
178,732
196,195
140,274
27,719
57,232
33,249
155,256
149,541
9,690
177,194
180,302
10,423
171,202
167,125
89,126
5,399
173,529
150,48
172,610
34,760
152,920
157,237
39,190
128,760
26,847
144,441
96,963
117,440
144,810
118,941
199,469
11,641
183,97
71,672
160,930
44,843
9,781
1,490
97,199
60,90
84,621
160,197
185,204
119,795
69,46
34,413
192,907
44,618
87,888
50,529
164,221
172,604
24,965
26,230
100,508
25,728
23,318
26,951
60,221
27,744
193,70
108,28
51,477
112,967
119,114
188,346
120,8
91,517
172,665
25,628
145,308
139,396
111,561
26,971
141,774
67,860
72,473
179,108
171,422
20,473
193,879
52,931
30,371
159,297
36,614
109,782
150,792
200,679
198,755
101,884
54,214
53,281
68,800
114,914
9,850
133,710
91,657
126,238
13,631
189,3
110,678
38,312
66,802
156,332
185,305
13,772
123,559
70,662
161,127
149,855
75,10
41,505
7,862
141,38
66,741
77,986
47,400
71,959
154,961
145,612
147,593
20,198
59,839
39,21
86,183
34,164
120,738
27,746
87,5
28,653
109,80
152,700
166,932
140,292
116,466
87,509
150,928
4,59
166,28
164,651
172,72
104,174
79,980
81,432
188,65
70,171
48,385
23,225
140,788
121,90
69,84
46,679
142,496
162,267
44,746
30,549
195,364
126,292
63,829
106,301
79,500
12,120
182,117
119,35
161,957
175,823
154,601
76,379
155,329
35,778
40,650
169,540
143,856
77,385
184,532
162,199
132,502
52,751
58,608
57,184
35,723
193,967
181,517
193,366
154,762
119,72
155,965
88,49
162,161
94,585
88,106
48,764
166,528
61,669
194,510
129,482
68,886
181,177
168,963
118,792
26,817
165,464
37,832
107,356
171,608
119,231
49,814
176,832
177,738
181,642
137,818
115,809
82,342
181,752
140,743
78,856
166,315
105,922
7,18
166,608
82,513
163,865
150,888
20,182
184,273
178,340
112,114
174,555
108,773
171,655
99,772
140,899
10,818
131,402
177,969
63,726
155,954
136,795
186,778
131,401
106,739
44,880
149,949
159,781
37,994
121,61
132,653
165,90
59,74
169,918
146,77
18,786
129,895
106,554
189,275
50,470
133,903
48,523
105,898
107,847
41,876
113,804
164,23
168,619
87,170
127,201
63,54
187,678
193,144
103,725
141,553
19,225
56,242
41,782
12,179
32,953
110,223
135,712
36,909
132,409
166,979
57,307
108,582
29,296
114,840
122,794
119,405
50,263
71,835
159,944
188,926
62,529
36,575
154,401
56,373
77,710
67,905
185,973
186,200
116,34
71,495
44,69
80,994
49,858
117,119
52,267
10,111
199,265
173,144
197,87
189,281
121,819
62,639
101,722
43,143
70,757
56,270
39,895
44,777
96,114
122,918
186,280
144,283
54,154
14,317
175,602
69,350
93,938
118,115
93,838
29,238
21,955
94,556
106,840
160,645
143,206
176,141
22,783
125,574
170,790
163,855
19,77
81,866
91,648
82,612
58,124
29,782
148,394
83,813
59,680
157,877
68,462
5,421
187,394
104,768
45,305
172,150
159,324
34,822
199,33
35,940
144,460
110,912
135,481
189,622
84,317
56,408
152,573
76,30
137,934
22,373
7,961
130,566
138,773
53,180
93,201
91,980
58,151
29,868
119,218
114,782
122,290
150,414
119,838
144,656
109,667
5,234
190,367
18,364
1,225
180,5
179,711
196,598
74,905
137,656
18,876
98,483
161,438
133,297
54,557
162,706
20,399
184,787
170,717
125,524
171,758
103,246
66,369
43,391
31,973
96,250
141,58
131,260
13,786
178,585
197,206
182,196
24,726
122,732
94,887
89,17
125,569
93,133
78,678
81,115
173,81
74,53
55,644
46,280
197,641
140,336
91,651
4,99
52,73
2,879
41,803
76,957
18,420
9,65
38,569
191,857
93,95
13,663
67,532
83,259
180,720
4,519
117,654
80,641
62,593
141,100
44,389
194,828
4,680
90,373
135,963
118,799
109,454
40,306
45,334
21,802
104,972
9,679
80,10
199,638
50,446
111,292
168,736
198,551
152,959
145,881
171,309
78,933
148,189
100,513
165,15
46,779
126,736
54,596
67,86
189,425
24,364
110,219
31,221
142,466
76,691
192,147
177,959
57,817
45,541
107,13
155,921
47,336
85,762
158,462
74,782
24,381
99,500
145,998
54,8
69,658
189,791
93,408
193,529
82,617
141,163
22,352
139,3
159,499
180,123
111,75
130,763
194,661
21,830
143,978
17,256
146,481
124,739
34,936
100,3
107,525
4,970
32,421
4,536
136,805
78,119
31,403
119,345
42,428
189,176
137,803
112,899
161,686
175,611
189,621
123,562
191,229
125,342
112,828
17,117
176,19
72,76
64,878
198,171
8,531
179,673
182,30
119,601
159,941
169,676
81,40
90,936
88,774
128,18
174,371
57,266
83,214
103,296
173,392
186,24
24,985
30,178
148,491
143,134
177,196
14,523
81,597
199,593
120,601
150,656
46,122
173,461
61,180
103,453
64,477
170,289
200,326
103,911
111,234
185,664
82,724
162,334
174,179
31,607
70,635
73,978
118,718
25,748
142,925
166,200
150,232
71,114
159,180
40,716
186,370
23,262
145,317
141,486
190,982
40,58
165,361
135,888
100,452
61,314
106,32
67,833
124,701
23,258
53,136
143,232
182,380
32,63
26,386
46,811
112,310
161,307
72,84
94,803
140,546
61,958
15,363
155,572
152,260
35,175
59,388
160,702
110,140
34,811
165,538
64,884
110,185
59,985
30,621
2,525
158,635
186,197
16,324
184,6
109,375
55,697
171,479
198,41
90,909
200,648
146,163
153,753
110,713
61,859
145,213
141,535
72,135
125,946
114,643
92,865
196,833
89,584
14,630
149,326
164,418
143,685
186,208
24,552
149,385
158,5
156,298
80,778
85,849
8,781
179,702
171,632
57,689
146,358
62,477
58,261
71,498
185,490
161,94
88,934
56,364
50,231
123,153
164,680
19,547
132,462
48,501
17,520
37,177
49,534
18,778
38,442
127,21
13,974
78,897
125,357
127,120
75,175
54,312
34,122
68,193
134,720
7,217
49,679
118,201
131,290
96,725
119,872
130,468
21,573
82,571
96,108
196,459
125,950
28,841
76,431
183,12
4,750
147,730
86,119
36,903
36,546
11,149
91,900
118,137
86,33
98,90
62,619
48,214
13,919
132,944
124,560
47,672
150,710
190,24
84,704
81,702
14,181
89,685
163,704
93,644
82,197
114,672
68,778
183,750
53,295
115,734
65,629
179,213
199,247
102,702
94,871
81,109
194,715
88,331
133,621
103,907
141,217
58,966
192,392
150,22
168,523
5,950
46,846
12,464
8,573
139,964
114,713
136,803
138,927
12,992
178,901
51,534
51,271
39,466
67,850
54,123
102,84
170,464
25,443
187,107
163,505
119,965
73,481
27,483
156,648
19,456
93,157
21,909
163,226
83,780
200,515
29,142
53,653
183,1000
108,29
144,781
175,527
188,198
113,337
97,51
82,110
85,165
3,155
123,334
142,531
113,220
13,75
193,136
170,850
55,599
125,208
150,726
69,924
30,290
156,148
64,26
200,915
186,215
93,311
200,999
134,170
58,187
95,51
18,395
68,35
200,669
106,636
142,176
82,129
144,974
92,929
183,644
157,978
190,925
90,51
131,520
177,824
62,430
184,117
91,58
18,596
41,191
169,386
130,956
133,578
172,652
173,849
140,524
10,96
46,272
93,200
157,898
125,944
59,803
71,773
143,537
178,980
83,283
123,283
162,91
164,755
126,366
38,547
171,340
107,133
87,568
72,891
111,939
162,248
40,607
41,967
10,901
58,529
3,968
35,420
105,198
64,914
178,339
47,658
143,610
53,487
24,584
90,910
8,659
14,234
55,273
66,558
111,26
78,654
78,321
67,499
95,497
181,987
52,408
53,736
96,437
149,578
153,223
72,223
167,769
159,731
191,326
112,683
85,525
154,855
130,917
97,214
8,556
6,917
105,152
52,756
33,593
131,869
137,269
134,63
109,526
21,623
35,65
131,730
116,595
184,330
183,273
95,433
55,359
13,151
125,806
189,56
93,644
196,525
25,219
134,532
24,740
156,326
199,170
9,871
30,858
89,589
5,163
83,864
43,744
104,506
170,548
3,691
166,62
152,291
185,516
3,530
89,391
33,126
125,276
25,992
60,212
56,119
158,121
55,608
85,181
196,606
86,570
156,376
59,207
23,90
41,530
129,881
172,335
85,928
122,146
104,863
10,124
183,50
89,841
41,196
67,343
150,466
31,796
2,597
158,430
146,966
138,239
182,823
127,222
87,442
20,547
68,451
181,309
53,179
142,261
158,272
187,434
108,268
64,939
96,220
84,536
134,544
111,169
26,548
123,251
196,859
141,611
33,159
93,168
67,189
107,929
194,169
156,217
68,559
80,482
188,742
125,931
133,872
6,871
138,656
197,170
2,220
79,353
117,621
131,952
94,542
42,840
84,412
93,790
193,862
93,212
8,571
56,68
118,699
20,997
82,66
44,432
115,483
74,385
33,558
7,945
167,703
56,824
19,944
95,626
53,980
174,463
7,556
47,429
58,719
133,36
72,666
91,983
15,56
173,843
185,307
104,398
61,288
135,899
123,629
149,967
15,810
27,792
44,990
102,573
158,238
88,206
34,182
130,203
186,544
64,150
123,561
186,347
67,670
34,389
182,301
52,924
169,719
105,210
104,790
100,836
25,430
106,692
130,874
166,61
27,984
116,954
9,939
75,888
137,953
158,32
102,793
182,774
17,694
158,12
186,899
196,317
142,20
66,382
147,851
141,401
134,378
164,339
131,415
76,15
113,270
178,420
189,158
179,828
120,608
180,314
35,313
187,326
163,253
160,340
181,196
60,131
65,261
116,915
72,659
65,650
164,90
78,517
96,129
126,816
58,550
73,307
120,518
123,654
179,587
140,832
134,349
137,47
149,358
130,730
79,632
171,943
25,773
200,14
66,173
121,412
16,125
178,28
14,554
110,690
120,661
27,151
150,96
87,102
166,808
26,348
149,704
115,964
55,603
108,890
178,861
68,131
25,100
121,379
43,243
101,488
33,636
106,390
198,662
102,69
12,348
3,715
185,548
66,354
74,493
64,764
67,269
20,966
37,644
171,700
12,950
147,41
101,960
142,170
63,990
124,566
48,163
97,801
48,810
29,319
140,92
174,737
116,184
44,534
118,220
175,353
179,256
155,673
181,52
143,648
126,328
104,82
190,853
12,711
90,982
85,844
105,136
156,975
21,633
121,347
99,946
56,751
118,324
64,12
17,347
154,697
196,340
51,532
102,62
34,275
69,193
97,77
184,188
120,28
104,778
74,68
107,369
146,838
84,366
74,862
80,380
167,785
114,821
107,293
52,868
157,963
115,153
72,93
159,684
168,834
7,338
139,386
164,700
129,390
5,282
159,99
172,237
57,19
167,898
132,575
78,801
165,852
184,139
28,876
42,935
25,576
84,244
186,584
159,107
2,651
78,370
80,983
7,798
69,347
47,426
143,859
200,151
193,269
78,838
199,123
9,66
94,79
97,379
25,860
171,470
5,872
72,937
133,959
16,275
24,877
90,677
32,282
7,810
11,591
17,481
195,653
96,511
198,729
86,883
174,664
38,28
8,934
57,698
75,41
50,762
114,578
48,950
107,82
175,423
124,322
28,326
91,137
64,882
120,29
40,638
18,761
196,598
186,154
1,92
112,468
128,390
183,305
150,724
133,372
117,384
185,271
166,438
116,355
147,717
109,315
4,968
59,39
92,81
64,910
161,316
163,950
96,619
4,481
114,201
81,217
45,451
163,309
184,436
81,158
19,844
189,824
107,943
27,205
56,727
175,912
196,471
106,298
137,304
28,996
87,124
118,884
22,155
200,961
25,857
52,642
50,566
155,225
8,520
172,676
85,688
39,568
200,804
24,642
106,163
12,759
169,635
47,805
84,85
69,747
67,793
63,613
169,301
59,376
29,385
53,34
146,188
94,584
36,311
69,253
15,921
96,237
16,289
129,246
160,835
2,336
168,943
154,144
117,295
166,808
170,263
188,460
106,775
186,804
121,571
94,119
24,316
12,210
136,925
189,852
22,842
92,141
101,763
198,83
130,30
106,899
30,917
140,72
24,90
176,996
166,469
36,622
69,166
138,58
92,59
51,538
98,1000
86,300
68,597
43,577
80,988
199,671
20,897
58,725
152,971
178,871
25,122
34,391
137,621
81,428
6,790
30,440
153,338
62,970
43,126
152,296
194,732
108,155
139,210
27,648
69,118
23,727
27,624
101,426
21,120
100,864
44,346
87,804
157,307
92,822
6,689
41,160
64,349
13,991
11,733
113,577
53,79
5,526
192,523
24,178
58,95
100,578
193,130
1,274
196,280
35,579
48,319
183,758
65,444
105,714
115,961
76,130
107,731
124,575
198,294
145,439
6,807
157,8
191,877
102,57
199,388
24,410
87,5
111,959
152,630
119,887
168,833
189,837
185,584
99,994
47,681
68,278
92,137
51,615
7,323
137,355
180,63
30,752
150,79
137,1
158,394
185,565
116,909
178,305
44,900
53,509
13,180
61,53
33,245
173,977
125,183
119,188
53,922
175,8
30,955
106,361
162,499
25,633
109,549
185,715
36,4
157,361
35,6
115,115
176,200
198,84
103,429
34,346
24,197
74,495
168,926
153,233
19,130
18,249
61,496
72,557
185,520
179,537
168,892
138,294
190,81
88,514
139,388
193,804
124,767
110,524
170,169
92,505
31,520
119,867
63,361
117,116
197,443
193,671
23,802
23,859
194,963
50,497
136,92
29,387
49,338
72,596
24,720
180,321
88,994
154,847
73,871
92,695
33,469
63,151
179,865
93,327
134,395
171,524
150,705
8,65
181,998
75,255
175,246
79,225
2,858
58,849
159,152
53,418
122,738
51,966
40,872
94,83
21,406
28,743
108,550
200,800
16,805
101,298
107,451
46,326
76,117
163,425
105,28
50,154
32,145
37,336
171,257
50,763
139,608
98,343
177,480
80,390
71,174
137,764
51,202
35,923
137,987
158,978
114,153
6,572
200,953
28,901
122,192
108,28
116,639
81,621
148,559
108,976
16,98
160,342
67,289
174,204
159,564
79,990
174,436
179,646
119,657
3,287
77,171
68,362
158,101
54,250
143,457
80,678
13,788
118,101
63,438
195,406
32,352
59,281
7,484
176,109
111,513
144,852
76,588
133,565
158,787
130,935
163,407
72,880
62,538
190,151
164,70
97,670
33,807
179,488
87,89
141,618
121,187
195,480
67,837
93,685
14,857
175,698
114,490
187,784
18,65
94,30
107,898
183,375
200,45
190,333
155,161
102,40
67,568
116,417
58,725
49,659
149,812
119,365
21,385
176,531
66,561
134,411
15,148
31,834
75,195
152,322
96,424
152,168
144,203
153,35
70,564
73,826
124,153
84,181
23,409
198,520
123,799
154,110
173,440
95,521
142,781
19,200
152,741
99,613
125,98
110,489
37,9
120,161
14,987
191,914
197,206
34,677
156,974
44,112
142,433
188,814
184,548
5,716
132,565
131,518
138,209
100,979
151,210
84,515
136,126
117,8
82,933
27,777
153,375
122,431
33,843
38,168
159,70
179,226
113,934
79,33
168,387
106,617
35,618
11,30
73,707
120,184
84,268
66,4
104,341
49,498
79,460
92,564
8,927
123,69
144,726
51,804
37,755
162,794
174,448
130,275
135,513
55,628
7,479
11,810
142,127
117,699
99,60
155,842
57,116
180,485
65,693
1,91
151,917
89,749
47,356
169,85
8,358
80,151
177,595
49,316
125,451
23,849
188,146
52,102
137,232
9,393
67,917
177,600
80,981
175,88
31,669
29,793
106,188
40,814
162,134
115,1000
22,517
146,407
18,805
25,457
136,514
195,823
65,219
71,639
49,380
27,392
83,939
31,887
123,74
126,583
155,191
76,750
119,704
22,492
91,192
106,984
108,37
168,183
107,249
33,39
170,650
49,8
143,317
158,46
124,762
118,494
115,720
20,559
84,892
154,854
94,911
157,69
142,403
34,693
112,940
145,263
58,187
195,23
163,252
66,782
36,731
78,861
139,352
184,686
161,298
131,644
141,377
181,593
124,340
34,993
116,545
76,773
108,3
85,664
27,743
153,842
111,7
141,548
147,531
168,823
37,155
14,456
164,194
9,113
138,319
30,692
130,76
105,425
42,836
121,647
59,162
9,813
89,592
104,414
52,22
187,179
70,829
94,923
13,84
194,223
178,236
42,615
22,586
101,28
129,338
117,998
45,135
37,349
172,427
183,794
193,663
178,738
43,972
104,581
94,264
52,319
141,825
156,888
164,962
164,834
194,133
78,963
75,459
59,720
98,581
25,49
93,230
129,204
141,441
140,356
15,964
146,563
105,715
49,535
38,179
32,870
124,736
161,22
29,568
82,135
18,293
34,149
173,636
37,74
28,852
165,473
106,985
94,130
192,342
61,530
15,40
110,661
86,683
138,288
74,580
42,716
105,279
178,415
165,101
46,970
50,626
107,873
143,700
120,109
37,765
35,995
35,642
70,823
189,755
163,361
134,456
143,15
37,171
119,413
153,827
74,837
68,889
176,144
115,785
168,637
105,817
108,807
39,646
37,83
96,980
49,42
46,629
121,386
90,635
93,552
155,107
13,23
133,952
124,34
84,738
54,958
99,864
22,279
136,344
12,971
43,767
27,885
197,811
25,22
180,659
155,361
62,757
164,938
19,436
80,320
173,140
198,876
90,375
74,78
10,46
26,69
60,348
31,889
49,803
85,370
37,498
175,971
143,735
144,819
103,537
84,52
16,678
93,356
136,671
144,725
137,103
177,259
114,366
38,904
61,760
197,129
29,977
51,59
54,166
26,179
142,160
171,57
168,39
177,483
179,313
52,143
55,649
14,612
81,76
33,223
140,898
11,260
14,437
168,634
157,880
79,427
178,677
169,840
184,477
26,925
120,382
106,538
185,575
198,642
183,98
142,186
179,530
79,900
179,93
94,796
30,810
116,635
72,310
21,846
122,27
113,629
142,960
155,717
153,998
133,716
95,670
155,323
59,28
135,962
126,555
45,395
45,10
86,580
163,784
92,963
127,890
97,84
198,553
170,234
167,662
46,906
5,236
81,27
69,827
143,357
179,49
33,247
162,445
116,30
149,283
104,211
99,213
98,425
182,902
102,165
62,191
97,76
187,899
67,390
104,440
20,202
137,227
152,699
34,791
89,141
79,910
3,532
178,737
21,444
72,348
69,598
29,523
17,558
74,549
32,516
108,79
173,178
23,909
112,47
94,768
172,239
160,33
15,473
168,419
112,224
68,151
102,630
24,2
7,486
86,983
137,327
112,93
28,419
91,724
191,748
62,23
97,772
19,489
58,645
107,501
114,631
42,771
107,954
22,803
139,366
72,930
146,803
84,12
184,680
167,831
193,957
26,369
39,21
84,987
178,200
184,800
196,476
81,48
59,397
150,806
188,573
60,83
71,983
61,432
175,762
64,210
145,981
168,705
140,272
79,672
119,914
199,949
42,701
117,90
138,685
64,598
179,579
140,170
123,224
37,539
117,54
43,399
95,643
17,738
89,718
20,821
83,888
109,334
174,767
200,967
73,950
180,866
6,17
141,40
127,716
133,210
172,371
118,175
98,592
47,182
189,742
174,466
42,753
89,422
53,807
44,576
149,195
47,750
53,922
152,714
121,189
141,508
28,270
129,613
172,228
40,417
168,113
95,547
70,274
174,930
29,213
45,400
158,428
66,296
14,221
115,706
150,922
55,873
15,335
91,586
130,429
51,503
107,296
96,436
40,582
196,440
92,90
137,570
21,864
62,876
33,333
40,356
92,226
74,741
113,603
194,628
145,500
76,969
53,117
114,756
175,183
60,945
67,398
145,922
149,816
23,526
159,841
97,213
169,27
5,409
109,495
5,539
134,684
54,220
194,801
141,162
45,254
136,477
150,605
198,908
156,176
23,968
99,282
133,600
72,491
40,37
193,684
22,625
196,917
178,299
50,730
170,175
82,141
1,97
26,906
14,753
50,918
57,938
167,302
165,908
129,454
12,420
146,107
65,408
66,278
178,550
49,675
9,784
188,826
11,223
29,202
78,90
114,959
111,96
27,370
77,336
25,778
15,18
192,644
155,19
31,793
98,52
144,251
41,898
152,67
65,780
192,514
13,898
153,554
199,665
111,175
143,389
146,850
90,408
42,406
21,366
18,683
47,665
136,430
69,524
91,604
98,835
63,322
99,858
174,282
193,140
7,637
148,168
8,698
22,420
60,63
144,250
149,879
151,217
190,413
55,595
137,883
140,552
41,36
199,998
143,496
76,579
147,346
162,521
16,724
108,650
94,798
186,60
85,374
153,422
1,754
24,550
178,827
55,290
189,193
174,298
84,623
93,467
41,454
48,92
162,747
69,105
72,317
49,737
137,336
128,751
119,526
50,431
193,408
14,568
72,589
196,521
150,477
62,866
21,250
9,749
85,548
180,858
178,32
183,518
83,818
80,828
176,228
10,649
70,914
11,95
71,395
152,332
79,34
26,559
55,771
166,815
100,172
130,718
127,270
119,183
42,341
46,255
8,810
88,862
19,597
11,473
132,422
163,239
53,345
18,382
108,288
132,628
66,430
36,55
87,409
17,201
68,305
130,946
130,390
23,665
77,523
114,317
28,230
112,937
197,843
33,953
16,631
5,480
114,814
139,818
67,878
133,634
170,524
196,906
29,484
69,350
58,689
87,306
117,263
5,947
168,536
101,390
13,688
61,438
197,856
67,284
114,666
88,383
94,160
45,749
104,335
103,709
67,975
87,357
95,624
22,312
33,96
187,87
44,454
14,877
62,404
90,760
79,384
80,571
89,47
186,584
170,802
188,564
149,899
137,774
29,309
87,952
62,705
77,611
74,266
100,206
171,249
136,251
75,624
186,681
57,404
174,326
179,206
52,474
176,437
173,562
11,216
139,993
110,62
61,785
17,918
8,823
86,771
105,958
147,714
39,800
166,496
125,787
177,227
118,764
91,65
154,694
93,960
51,473
142,399
129,590
193,788
21,386
152,288
3,317
36,827
42,794
121,870
191,215
45,217
34,169
178,630
121,344
151,176
148,378
23,330
51,279
117,427
168,127
70,33
53,613
14,486
92,394
49,766
28,115
179,796
32,840
158,829
185,499
106,207
118,869
21,177
59,342
51,498
9,497
200,242
171,85
86,495
186,487
11,106
91,30
166,994
14,243
151,825
164,786
44,405
35,829
151,356
146,324
182,245
150,786
101,543
53,521
141,586
6,115
94,909
171,674
72,797
49,997
120,745
70,50
29,775
180,245
194,675
18,165
83,575
133,68
11,713
164,329
29,622
132,547
48,194
164,372
15,124
39,285
108,433
67,409
19,511
159,67
88,687
25,791
30,207
42,84
114,836
123,196
138,948
116,810
159,948
20,853
97,669
65,207
179,116
171,627
102,590
142,255
57,417
103,622
21,307
135,995
30,459
58,210
72,86
128,91
29,349
134,846
195,675
158,680
81,364
138,696
1,461
6,130
49,78
72,314
92,946
66,520
121,743
168,738
145,198
77,211
133,423
169,720
132,605
17,464
134,107
41,3
93,337
57,77
60,56
194,190
175,17
109,271
167,53
191,142
96,895
38,921
136,502
59,693
136,21
115,200
58,836
10,616
91,120
75,691
66,825
124,484
136,893
49,613
147,653
14,54
120,640
5,284
94,864
175,233
25,472
150,821
181,785
115,492
57,684
125,373
41,593
50,48
86,748
89,188
64,799
57,926
128,312
35,895
145,543
183,362
187,429
87,703
137,442
82,77
80,132
191,314
33,816
172,349
169,177
123,173
16,985
23,830
26,781
34,317
39,739
10,74
7,53
113,333
187,272
155,177
28,932
173,672
161,400
167,958
123,829
152,259
74,432
36,212
34,178
121,236
116,310
61,824
139,828
88,193
14,282
195,847
101,890
34,884
46,640
29,357
95,204
13,664
177,406
12,608
136,793
86,862
190,316
35,91
56,234
8,951
190,933
153,667
138,591
7,171
101,479
59,255
42,197
151,974
131,817
97,142
170,320
94,786
117,823
27,413
9,775
31,230
159,461
59,605
121,140
30,994
73,574
53,246
124,322
189,521
44,712
24,25
92,289
72,803
86,4
4,199
108,378
36,514
35,294
180,555
200,522
4,389
64,862
21,494
80,177
186,560
190,170
17,650
68,265
125,630
108,828
118,878
192,435
92,914
180,875
194,304
62,405
61,326
32,871
126,351
103,792
68,146
21,689
180,123
132,52
85,862
75,798
156,45
37,45
69,605
70,608
179,378
69,580
57,174
167,424
6,914
99,176
130,356
117,270
104,800
91,908
114,720
197,327
164,97
66,32
88,394
174,307
94,309
6,601
127,934
141,2
145,507
11,214
183,58
16,810
196,357
147,408
66,415
53,244
196,878
153,551
4,839
75,867
177,561
137,386
178,837
162,812
196,958
52,429
46,182
194,917
156,478
19,191
114,352
42,774
93,755
152,363
151,745
172,801
113,755
118,57
37,715
161,231
92,138
113,462
171,281
59,908
94,127
156,746
181,797
155,306
57,900
128,657
96,359
38,251
49,421
112,342
53,564
15,406
61,885
119,503
78,260
80,143
101,324
30,950
125,740
168,820
153,527
182,758
27,251
31,477
126,692
197,776
84,214
155,472
59,482
10,11
150,285
191,874
10,432
193,848
164,738
77,971
57,691
65,672
29,191
87,437
145,111
134,115
122,151
118,335
30,173
179,560
116,287
77,368
7,317
38,452
14,216
32,288
45,810
88,66
92,33
54,738
28,187
164,489
31,439
55,500
150,138
46,472
135,762
111,325
25,477
140,168
178,565
31,728
118,4
142,112
108,42
59,45
66,388
141,634
148,397
19,3
154,725
125,975
172,220
169,631
60,532
101,269
25,247
162,43
58,700
111,592
131,941
98,509
63,579
109,789
113,727
116,792
67,219
194,676
133,430
147,419
194,318
36,868
187,935
192,408
183,708
92,608
149,17
131,196
155,69
73,133
135,318
48,664
58,399
59,762
68,677
190,742
171,553
75,360
188,29
57,869
128,559
155,651
162,64
138,895
84,153
113,873
72,158
65,533
200,58
106,820
180,161
157,762
102,648
103,841
190,862
142,126
36,540
22,307
188,650
96,623
24,815
20,21
111,788
77,948
5,929
78,350
43,502
68,190
30,940
57,683
171,33
69,886
49,531
12,138
119,4
173,563
159,389
163,641
99,152
79,345
139,685
39,952
181,442
96,509
126,799
95,58
130,161
184,274
55,876
21,687
102,296
109,939
30,678
193,397
37,402
121,445
35,815
196,897
30,552
9,676
89,499
127,159
135,373
15,52
183,809
169,546
52,921
14,502
131,180
95,42
173,924
96,100
57,407
55,401
169,479
119,577
2,822
6,830
22,966
35,889
82,634
26,190
185,124
140,986
16,217
64,857
7,113
181,323
17,800
91,898
89,635
31,685
189,419
102,120
111,943
124,317
50,942
173,962
102,209
137,596
191,151
124,11
55,968
87,963
100,264
121,349
175,82
27,363
169,731
151,217
171,417
197,685
5,787
198,93
192,660
60,917
84,675
41,14
172,124
55,220
107,140
88,556
67,1
6,944
199,576
56,337
44,694
27,247
60,756
93,739
119,819
56,61
53,844
163,476
144,481
187,574
164,766
194,617
171,158
3,536
24,202
137,405
100,517
102,715
75,386
101,583
63,455
38,728
120,869
152,293
55,5
33,390
174,971
176,640
194,15
192,572
136,865
181,46
27,312
81,495
61,170
142,429
147,772
194,131
188,872
130,197
130,704
67,642
80,386
180,862
61,274
130,43
182,627
85,991
186,849
93,919
117,576
200,920
189,770
4,782
96,406
141,850
4,438
43,429
166,708
126,75
86,396
20,612
164,8
56,880
27,56
16,776
41,602
143,885
119,32
187,867
163,538
6,239
185,7
126,531
172,298
50,259
7,764
53,862
12,764
30,513
1,274
142,598
192,712
104,645
49,418
80,555
92,704
183,750
34,634
89,733
89,816
54,251
40,882
19,316
155,338
143,647
34,342
165,970
5,67
104,746
89,971
57,848
194,313
24,87
169,252
3,135
178,601
49,397
29,551
159,409
79,898
111,358
131,441
124,684
148,165
164,977
99,233
134,362
121,585
121,875
81,918
4,735
166,179
74,17
10,594
199,151
106,448
20,525
69,142
164,130
120,13
115,488
195,249
151,257
14,199
88,863
190,902
90,966
81,956
94,961
117,31
8,588
176,164
131,906
185,319
110,417
74,136
91,327
45,404
45,741
66,846
55,758
194,262
109,348
67,456
36,11
82,727
162,851
106,773
21,980
149,17
188,903
67,474
44,665
54,997
55,363
179,327
64,801
83,4
143,722
8,720
106,142
18,443
141,862
139,501
170,8
185,648
149,618
51,451
83,993
114,873
115,711
185,874
140,699
138,504
13,721
31,597
200,931
157,32
122,885
111,936
168,728
148,82
98,115
67,158
25,541
39,474
5,897
68,116
10,149
28,158
180,778
31,152
51,719
36,241
50,147
152,742
132,914
21,369
138,950
193,470
17,983
104,803
109,169
51,43
97,464
134,812
197,452
153,835
189,88
112,729
123,971
128,351
148,156
190,658
81,434
40,386
37,415
123,124
192,384
177,642
49,297
80,982
85,682
93,826
72,462
141,196
110,215
144,518
58,800
128,977
197,804
199,504
151,630
44,369
34,926
150,787
36,4
197,433
13,904
129,215
15,632
37,299
163,54
33,530
54,443
149,416
123,900
66,704
14,743
157,545
22,983
52,410
50,408
64,991
23,137
165,66
135,797
73,598
4,567
128,792
81,768
49,491
180,728
115,553
29,28
156,405
5,666
27,112
130,13
134,930
138,706
80,250
86,768
58,526
147,97
151,18
156,737
57,791
79,402
65,204
191,852
26,724
167,380
28,157
95,482
65,763
185,784
71,202
145,248
167,574
6,227
172,675
195,139
131,264
166,867
121,340
39,956
135,619
27,83
42,975
176,669
144,547
12,290
169,320
189,897
103,893
130,371
78,78
24,785
31,866
146,186
172,13
156,676
113,730
173,746
71,743
91,714
75,558
65,568
24,41
81,276
156,32
182,83
162,750
51,881
67,112
38,462
3,35
115,346
99,701
33,402
137,30
136,154
158,425
6,844
23,100
6,113
37,478
79,680
192,852
34,852
70,926
173,571
200,150
38,996
22,699
79,28
199,810
64,377
83,17
15,589
195,718
114,173
105,550
20,663
162,596
176,532
178,337
16,546
10,711
195,814
24,133
3,397
66,768
140,246
142,381
93,257
75,519
138,493
165,82
29,515
121,497
49,937
48,897
24,566
86,367
74,674
43,801
173,121
156,91
145,819
58,302
161,405
181,683
31,490
121,929
30,858
22,985
60,285
165,704
197,909
98,833
101,360
14,42
14,33
17,996
51,937
192,927
78,68
98,879
182,444
59,205
130,376
21,752
54,914
79,265
90,698
87,422
14,572
184,454
140,305
22,947
8,115
49,204
94,186
89,357
35,988
176,784
49,390
113,42
94,138
147,941
152,738
26,586
103,627
182,112
174,353
164,333
146,377
3,949
129,213
134,2
6,67
89,206
114,567
144,98
89,958
99,430
199,948
154,933
36,423
136,939
115,477
95,724
174,486
105,418
131,780
29,333
56,407
177,224
48,795
11,485
81,553
186,754
142,745
76,277
54,821
60,108
103,941
91,667
25,369
129,576
113,686
103,180
146,908
13,762
1,419
113,428
2,93
154,526
74,38
2,423
137,6
161,288
175,461
194,848
195,374
131,60
183,546
187,989
95,647
166,929
83,557
36,867
110,125
160,565
170,931
74,86
84,876
139,23
8,302
12,767
93,478
126,545
15,295
133,437
64,364
103,665
180,788
71,20
155,491
166,110
27,358
155,244
90,737
102,463
132,349
4,565
89,738
113,781
177,36
107,133
116,31
167,240
140,242
154,442
85,941
56,545
134,319
161,728
66,256
127,80
6,848
174,31
1,870
172,974
56,674
149,815
141,389
130,825
123,968
87,534
174,783
68,700
4,957
119,420
160,852
100,893
168,583
137,637
136,135
83,573
188,885
177,73
113,112
168,26
60,418
121,154
93,341
45,476
29,575
24,87
141,641
99,358
162,172
195,826
16,650
57,947
85,576
78,90
72,636
126,742
91,716
109,820
132,521
171,608
132,527
24,166
125,262
170,160
48,560
2,56
181,63
148,687
43,405
26,708
139,16
19,213
130,37
150,523
111,344
189,929
4,740
64,602
141,319
199,862
28,741
181,544
113,790
100,626
80,125
72,192
54,824
147,622
137,853
10,17
157,411
45,903
92,229
168,960
103,615
125,712
75,968
27,393
145,644
7,86
196,623
51,509
150,830
107,229
148,736
168,926
63,919
32,560
111,253
134,705
18,140
132,52
197,101
43,478
142,855
58,262
155,233
57,65
73,229
195,584
102,517
1,426
35,103
44,701
106,89
169,415
10,803
92,997
24,602
148,969
22,899
98,13
153,903
116,893
126,236
108,132
168,898
138,382
185,897
60,591
175,748
140,76
35,393
21,809
57,761
184,26
76,8
62,355
181,420
57,245
158,214
88,785
48,227
20,76
37,624
25,988
92,950
44,90
195,468
111,771
66,395
9,974
3,212
62,831
93,148
84,628
194,373
29,438
80,526
116,624
132,85
12,733
195,679
148,843
176,559
140,117
10,521
190,164
150,294
150,985
75,787
103,225
105,813
148,640
160,310
158,60
158,978
191,252
83,228
117,870
189,669
57,25
68,640
175,81
39,543
56,934
50,60
94,330
16,634
195,715
42,265
103,428
181,509
191,85
128,538
118,752
115,534
59,36
78,950
58,401
136,177
25,360
164,710
195,391
40,40
61,624
130,165
75,919
109,700
150,640
48,809
136,987
14,562
13,439
116,365
185,888
170,928
114,559
163,497
92,115
3,234
178,387
169,374
166,70
135,593
159,730
70,343
91,374
1,448
134,147
49,853
62,217
113,619
200,343
62,5
67,162
176,414
94,52
28,39
55,524
100,428
71,764
32,313
196,805
17,684
167,194
165,540
7,505
76,807
4,19
117,757
200,977
20,974
160,75
69,833
81,128
153,554
39,809
162,406
56,916
183,593
53,492
192,26
151,875
4,305
136,1000
113,619
137,812
140,291
198,502
118,862
109,410
39,786
148,549
18,36
6,261
181,269
163,189
106,85
82,395
100,575
164,735
99,850
196,90
133,347
79,414
37,357
187,92
147,887
48,311
165,942
200,246
105,514
75,627
180,496
65,398
11,883
154,179
193,480
55,354
52,763
123,287
17,964
22,960
7,217
74,432
165,780
142,928
129,348
51,815
170,448
186,715
87,214
63,980
98,698
187,647
116,927
44,670
110,725
129,563
57,391
82,175
171,306
117,955
169,536
175,916
46,125
101,118
38,854
35,371
122,639
172,876
136,203
35,818
117,727
115,190
25,462
132,985
184,93
38,667
121,474
86,677
91,547
179,743
23,244
102,696
4,662
56,669
36,870
110,774
157,924
189,235
80,472
157,449
38,659
108,332
160,484
130,320
157,604
184,783
51,293
86,764
91,95
199,971
80,409
117,208
46,858
22,470
89,347
155,497
2,363
75,727
172,498
168,323
145,449
36,770
105,748
111,616
55,230
198,423
125,821
29,196
8,184
131,266
153,633
173,656
98,83
102,392
18,292
70,626
30,448
188,832
31,573
148,310
59,759
19,267
34,252
75,76
64,64
125,260
101,15
79,400
71,552
8,601
110,558
139,41
176,409
60,38
20,938
53,796
87,322
98,430
23,49
190,924
148,777
143,152
179,691
78,799
158,61
186,795
119,394
2,238
83,859
199,859
33,708
85,5
35,960
68,604
105,802
69,227
51,438
160,18
42,979
194,975
88,578
40,86
101,987
174,819
75,365
67,773
170,76
157,658
191,277
140,672
200,789
41,827
174,249
164,132
10,388
98,749
123,550
192,168
156,4
65,131
2,51
69,664
68,824
117,65
148,285
87,464
66,353
197,765
135,981
37,132
5,59
195,224
157,917
27,66
176,367
135,174
28,103
36,698
61,788
139,727
36,939
95,959
162,427
136,57
191,9
10,577
178,490
192,796
177,937
114,401
196,565
157,916
8,424
76,610
112,861
27,969
142,499
177,304
167,154
37,764
63,966
32,591
73,170
160,480
161,482
163,523
41,978
160,962
165,819
18,118
108,91
34,413
62,189
156,102
126,40
37,652
113,860
101,251
175,712
3,414
78,538
170,14
66,654
178,921
18,522
79,633
165,953
196,571
84,825
29,656
140,514
196,711
83,827
182,238
194,943
52,438
90,203
21,996
64,873
132,807
170,810
153,16
121,15
108,249
129,7
49,382
64,48
144,840
82,529
29,176
80,642
149,627
197,805
47,937
87,157
43,457
167,125
118,382
36,137
199,54
159,713
103,950
145,608
60,370
161,19
132,392
160,187
198,687
96,465
155,312
160,780
26,645
198,851
176,694
39,617
99,675
200,300
100,768
159,566
40,825
16,472
180,458
138,288
67,329
191,45
79,16
198,606
138,55
171,925
17,854
184,130
100,892
141,478
180,756
137,767
51,552
40,935
64,399
173,632
169,773
8,744
119,736
106,803
140,140
93,446
69,222
58,12
85,703
6,588
107,806
118,884
26,984
99,641
149,330
87,628
101,598
139,702
17,705
50,51
72,936
34,56
8,635
2,702
36,448
18,992
199,537
60,740
69,655
199,611
74,608
192,620
104,819
149,933
195,448
86,661
56,520
39,88
86,262
120,569
82,885
54,916
126,511
55,156
77,868
52,852
131,982
38,676
91,140
124,367
111,346
178,624
175,367
74,775
123,619
181,551
53,699
52,996
37,667
60,968
72,291
30,400
147,197
162,7
35,265
113,682
4,339
54,477
97,102
117,150
190,214
156,774
21,758
152,353
103,495
129,291
174,101
3,762
194,403
128,112
107,261
116,538
82,661
15,662
147,470
121,789
95,352
58,429
92,550
83,172
134,415
145,451
148,709
122,900
200,643
5,917
15,235
12,486
24,335
178,559
104,79
128,100
188,4
44,622
173,434
145,400
16,915
158,601
19,362
162,100
164,466
103,251
169,955
7,208
96,659
85,103
36,401
62,820
58,729
47,717
157,31
196,40
9,579
172,69
9,609
22,368
141,322
102,288
153,296
9,873
55,20
94,552
69,906
85,44
56,237
19,493
38,149
125,238
80,664
20,147
36,231
189,880
172,795
55,204
55,315
3,400
96,545
129,438
41,593
72,743
26,79
9,511
155,405
158,392
20,450
34,132
191,380
160,70
182,43
85,506
189,530
174,745
116,436
8,430
195,810
52,1
121,171
99,263
136,718
23,686
35,601
171,309
113,377
146,163
189,723
47,559
177,323
57,944
107,773
160,146
73,553
113,572
171,265
8,702
97,634
155,500
198,714
23,770
166,677
73,380
152,334
72,955
90,220
40,310
134,752
147,198
20,546
24,388
125,495
144,113
105,881
116,383
142,539
14,483
81,897
6,1000
84,567
164,526
25,173
50,454
159,464
151,151
109,992
90,292
101,591
31,680
172,441
114,486
120,264
11,558
170,193
49,195
167,138
66,429
107,913
38,93
45,671
190,84
159,52
50,651
112,929
74,922
50,312
7,210
50,966
152,799
133,623
166,20
126,242
155,41
50,628
62,897
171,271
157,365
26,928
141,626
111,781
128,272
47,388
144,305
173,253
71,900
38,23
49,725
63,466
196,335
45,173
83,737
145,28
78,112
33,396
170,875
175,340
86,32
183,902
84,604
180,981
183,554
24,845
180,858
63,462
68,760
171,208
67,393
172,557
199,260
43,385
148,743
98,481
141,118
142,61
193,558
42,750
99,334
37,766
200,400
24,376
193,13
194,79
89,170
198,68
109,703
128,971
26,544
138,294
85,935
148,991
4,434
146,756
38,151
199,290
74,508
152,780
135,856
154,37
150,499
160,136
86,801
133,500
26,481
7,874
133,480
56,990
42,608
159,288
169,929
196,653
157,66
70,927
191,803
116,945
69,312
172,219
62,991
62,460
187,618
191,914
183,256
162,490
75,458
142,319
144,673
194,449
33,683
137,9
186,903
6,32
137,474
199,699
123,789
7,762
26,888
189,588
28,746
51,535
54,984
7,27
24,410
17,133
40,893
152,876
37,493
19,409
37,470
148,999
34,555
13,277
118,200
191,112
171,929
9,285
133,65
125,131
103,561
44,297
198,860
107,300
8,887
77,606
117,219
152,828
146,8
181,936
175,376
24,66
25,586
110,822
17,115
162,492
48,500
197,973
115,522
96,532
176,375
61,758
166,989
78,764
189,56
43,719
101,98
47,304
172,727
152,658
15,35
119,535
45,583
13,727
31,997
119,398
8,285
150,86
49,191
115,885
138,988
107,209
42,798
33,795
50,50
60,300
78,303
118,925
28,9
181,503
115,134
157,102
143,753
154,844
82,495
182,309
31,802
153,881
19,368
28,268
40,819
85,132
63,134
34,96
131,513
140,369
191,526
165,55
56,128
161,265
112,393
17,603
21,18
98,707
45,840
54,558
21,805
73,875
19,44
167,890
98,92
158,938
184,195
149,387
91,46
60,555
8,233
7,676
110,964
27,535
87,465
15,195
177,268
102,64
17,695
153,225
154,756
133,720
56,133
192,913
124,794
127,978
9,56
150,832
199,957
64,269
13,413
80,861
77,181
144,506
191,308
158,568
168,173
120,639
94,896
36,139
177,303
10,380
32,569
86,684
147,120
92,513
78,826
164,239
173,535
30,24
13,215
86,130
43,363
122,617
173,740
101,428
161,470
127,98
147,438
23,828
91,345
70,285
96,852
177,993
32,829
131,775
125,178
146,42
50,239
23,913
156,216
40,391
171,989
181,418
83,414
25,760
111,177
98,769
197,829
152,242
70,6
99,826
101,447
103,218
42,493
179,713
156,392
96,143
175,443
79,704
183,215
112,68
161,668
152,917
102,35
20,815
121,362
168,641
17,773
12,815
53,849
19,359
144,141
62,629
54,207
107,253
191,568
174,685
84,715
200,373
101,906
148,326
182,833
154,692
38,97
129,223
165,185
159,224
97,645
95,875
156,321
34,936
44,612
155,947
83,420
69,388
127,663
145,330
70,896
161,748
195,901
104,761
11,30
199,276
145,846
180,763
116,857
139,897
164,113
22,368
168,696
96,49
110,402
183,458
63,941
113,363
127,55
69,814
3,205
53,787
90,84
125,286
107,39
29,226
21,326
185,14
4,113
12,784
127,875
71,41
86,973
151,349
119,33
13,998
78,428
31,541
33,852
137,385
101,36
81,126
180,247
191,691
16,738
185,38
164,523
23,799
139,468
66,490
142,323
13,76
117,909
94,110
31,367
102,782
126,708
10,770
47,791
145,623
151,360
104,595
35,282
200,530
151,985
159,892
25,590
98,953
188,910
30,866
69,202
117,211
33,778
200,492
6,978
119,354
62,112
174,567
33,400
110,644
53,696
32,388
19,684
43,358
145,538
42,76
88,458
153,869
199,866
196,577
96,304
186,228
140,569
93,71
12,90
144,873
22,528
127,680
121,608
124,218
56,850
5,485
183,8
41,516
173,780
49,373
125,862
196,72
182,847
198,244
114,294
184,35
136,843
190,995
123,116
40,502
153,534
1,422
121,993
86,371
189,507
167,487
189,793
171,430
179,886
112,39
112,959
167,265
175,879
85,335
189,288
143,908
121,570
27,786
128,487
69,646
178,435
193,448
59,177
155,520
190,622
185,628
180,878
118,915
83,789
129,361
81,973
83,11
54,226
104,77
106,438
163,242
1,971
172,756
36,999
80,957
90,503
150,49
197,81
18,799
83,503
198,920
84,478
134,919
53,511
17,302
149,810
121,957
111,160
125,586
111,578
196,148
61,594
88,124
98,802
183,133
193,228
22,420
179,982
59,331
84,696
180,174
74,336
14,439
188,179
20,927
158,925
102,536
102,380
59,171
69,891
152,321
8,139
74,801
108,595
136,785
35,852
83,933
89,941
149,971
119,662
86,487
147,553
149,742
112,735
111,620
187,289
12,452
137,69
40,613
75,498
98,702
188,378
78,849
170,687
36,964
3,363
175,359
23,610
39,209
81,857
79,165
32,90
71,442
29,733
98,125
11,480
88,83
157,508
95,888
119,803
150,871
8,3
141,1000
161,552
45,47
178,476
154,644
131,186
49,765
44,322
112,307
91,209
143,711
33,390
106,568
54,366
182,495
72,407
4,480
19,885
195,184
93,614
57,226
96,794
169,998
3,614
194,195
121,722
65,150
178,933
56,933
1,97
109,208
13,466
136,237
150,829
84,270
17,498
119,952
42,322
33,786
76,335
36,839
68,92
194,721
156,786
161,757
18,489
94,384
153,184
197,547
76,988
178,143
13,589
44,828
121,231
60,563
98,801
191,141
125,51
107,595
46,285
173,145
185,9
154,943
92,531
172,369
8,854
60,436
136,326
76,668
152,175
127,808
152,363
36,350
109,3
181,166
154,826
154,616
50,108
33,623
94,15
12,536
59,188
61,246
182,588
185,715
109,120
63,107
83,327
200,562
80,585
108,303
44,277
35,825
88,67
130,503
33,342
68,364
80,316
108,34
140,865
41,220
22,183
96,282
181,434
190,16
44,790
42,57
159,593
68,891
198,103
198,804
86,231
49,570
108,122
108,699
171,95
25,934
164,15
86,415
117,869
33,772
159,333
16,185
163,732
104,871
172,940
144,349
41,621
82,988
180,439
126,370
51,215
187,331
100,703
137,758
173,76
199,698
144,93
142,214
160,491
64,154
115,968
100,536
137,457
10,514
141,950
45,930
156,906
46,392
152,560
95,452
189,354
103,888
71,22
37,885
9,773
89,293
19,969
9,161
187,607
77,212
88,575
190,639
127,387
139,92
175,248
20,857
4,669
157,488
152,193
100,382
148,832
107,790
21,920
195,734
78,425
67,858
120,218
85,753
118,431
145,538
169,725
54,733
68,299
10,193
191,789
126,333
194,175
77,357
115,831
31,725
92,673
9,750
38,51
180,194
84,786
157,656
78,548
179,651
93,940
69,913
115,998
150,164
44,999
72,349
125,425
178,64
112,777
113,367
81,673
103,868
146,591
87,905
45,959
117,759
107,261
129,995
12,740
172,78
101,568
35,712
27,464
49,564
127,943
44,892
18,891
156,480
39,546
20,908
116,120
184,322
10,326
85,979
140,426
144,325
60,968
117,777
67,957
8,986
107,619
170,1
165,116
146,633
95,377
184,330
13,548
101,955
3,60
193,971
194,694
1,4
115,73
182,198
107,135
114,687
117,128
131,439
57,579
25,748
148,439
50,385
65,397
28,852
19,153
69,665
166,613
49,604
29,650
124,390
97,956
117,582
164,710
108,483
86,567
134,793
2,869
192,284
107,970
139,724
80,777
127,387
144,204
98,589
87,178
52,191
146,825
68,451
185,760
124,702
103,943
199,124
75,711
97,37
30,175
176,798
144,137
96,509
188,676
175,493
150,67
147,636
108,562
1,266
15,926
123,906
184,922
3,670
163,201
138,966
145,577
128,576
91,372
34,927
115,271
9,616
123,676
45,783
94,121
80,750
72,696
134,765
27,217
186,272
180,42
117,927
169,769
182,949
91,510
60,997
108,280
102,925
152,209
134,404
85,717
7,901
152,986
152,898
196,114
21,380
193,366
182,936
46,491
126,450
183,314
151,407
93,733
114,671
18,291
76,667
100,970
16,715
169,975
112,545
148,809
13,642
24,316
69,742
11,816
110,359
103,179
87,752
101,143
100,373
2,537
164,194
113,564
15,445
9,373
58,172
5,767
189,37
91,139
6,195
153,810
55,466
151,680
148,893
157,683
29,185
162,568
184,236
14,240
99,985
158,881
30,623
118,523
193,352
159,535
115,326
142,55
170,518
78,825
55,14
172,272
51,186
45,74
44,347
114,74
169,74
63,904
132,438
58,270
91,259
69,429
42,512
6,944
88,789
162,694
149,949
15,808
53,476
128,265
164,592
36,753
20,993
156,278
127,764
172,497
21,194
44,286
55,357
69,210
51,376
116,450
7,587
60,943
97,820
68,993
115,955
142,328
147,719
36,681
141,466
156,346
108,6
146,577
24,949
63,469
196,166
154,282
166,795
37,412
83,11
159,199
132,920
156,315
65,723
40,136
45,583
41,691
86,979
15,427
99,392
97,207
187,811
174,12
60,371
165,408
90,895
89,828
52,835
135,536
168,391
99,968
15,916
78,686
96,163
132,251
94,496
159,53
120,625
36,654
188,855
185,991
171,500
93,534
30,866
94,177
152,478
13,406
91,320
199,988
152,218
181,810
45,436
141,249
187,393
58,671
188,511
105,125
136,831
81,701
97,171
5,168
170,657
15,399
69,817
191,739
31,743
87,40
36,711
114,470
76,578
29,300
21,659
32,758
155,573
103,670
86,563
110,406
114,956
33,570
142,620
14,880
143,29
136,775
156,794
66,16
57,31
67,83
6,828
20,159
103,101
129,616
198,545
46,433
15,368
14,474
190,98
28,404
174,292
18,225
8,696
140,597
98,302
97,65
34,493
56,725
105,537
62,970
63,268
53,10
144,390
166,733
165,699
1,677
151,626
139,950
31,83
197,290
64,953
38,856
143,161
155,999
46,505
131,261
30,979
180,947
88,23
124,32
195,218
49,930
160,593
111,775
124,480
138,309
95,171
61,417
64,998
42,227
51,716
34,990
44,823
10,205
24,8
194,108
160,607
168,850
144,363
16,352
191,918
160,771
26,593
151,916
145,611
112,823
140,23
31,668
169,691
133,939
167,301
63,639
20,497
170,505
141,289
34,363
49,811
135,455
25,210
135,488
83,110
72,400
16,191
69,373
166,317
132,157
182,230
140,838
59,934
17,945
185,563
68,790
107,355
10,640
134,441
21,466
195,784
27,634
134,749
34,778
175,265
169,174
37,259
69,265
69,313
119,81
93,592
184,305
150,589
86,867
158,271
62,217
134,741
116,858
125,441
49,156
115,492
111,635
20,669
62,6
195,928
54,664
138,196
25,638
200,314
28,223
142,89
113,394
46,318
63,749
58,450
8,347
4,797
171,322
26,588
108,540
89,931
3,2
120,377
197,92
146,184
33,83
169,123
120,669
112,885
132,817
14,730
144,500
136,221
156,70
84,772
63,381
69,58
96,917
160,689
46,356
77,525
98,9
50,304
93,333
185,551
26,941
172,329
8,663
108,784
63,994
89,48
39,927
128,246
168,495
46,811
148,349
9,169
26,44
151,368
160,462
63,901
148,742
146,715
96,211
110,101
51,715
199,867
42,432
9,855
48,539
77,542
165,972
74,288
168,612
72,640
145,965
102,13
86,864
60,418
101,136
2,780
186,417
112,943
195,631
81,319
160,940
151,501
96,357
134,958
91,226
139,715
125,770
46,328
148,43
32,208
176,724
77,270
3,482
65,360
103,119
53,529
112,939
94,534
71,863
68,911
141,576
83,421
128,331
131,541
38,643
181,392
180,704
177,989
93,499
152,668
151,989
146,318
192,935
145,134
60,614
72,7
177,662
153,749
29,22
20,337
147,684
14,71
184,419
77,813
108,467
172,691
78,506
79,301
82,377
9,197
42,993
190,469
142,889
110,154
93,542
59,481
179,650
144,430
29,913
5,878
76,101
32,666
22,488
14,53
11,622
117,44
21,850
163,210
157,806
171,187
104,794
58,65
147,120
102,958
89,949
68,520
166,239
88,752
169,104
124,920
125,658
64,773
151,483
121,506
139,276
126,180
52,684
80,982
127,249
54,454
91,718
196,551
158,988
145,777
187,82
199,557
149,572
125,933
167,74
72,1000
78,874
42,52
140,448
89,832
126,465
46,555
27,429
48,834
147,270
44,317
190,325
10,165
109,681
191,50
23,209
6,528
82,651
57,648
197,279
16,574
140,785
103,565
79,629
136,279
130,912
4,662
112,928
98,382
97,471
167,751
147,845
41,730
18,861
41,590
105,232
73,412
65,636
166,454
66,910
11,928
78,535
191,759
13,939
35,128
31,511
44,460
182,15
134,447
162,132
196,778
137,122
158,852
145,483
41,196
114,666
146,395
1,250
65,887
22,437
188,32
10,78
12,563
21,148
187,551
168,184
185,561
103,236
187,787
107,559
21,10
180,934
197,640
32,385
68,796
74,33
79,402
65,537
6,446
10,239
138,147
168,356
112,852
193,536
94,362
90,280
105,749
32,725
185,142
23,191
85,106
109,635
73,649
157,67
129,43
5,392
9,86
152,515
94,507
186,169
182,483
121,656
82,522
29,86
23,749
161,743
85,496
199,961
112,681
46,607
14,214
51,505
16,401
93,129
103,717
188,178
173,697
71,554
25,155
53,610
137,487
190,973
118,43
54,270
145,760
184,82
81,81
129,322
91,595
46,653
151,824
149,170
116,942
66,436
11,272
175,927
185,607
149,209
145,594
100,337
189,131
140,851
157,234
123,710
135,311
99,365
110,984
127,782
85,698
29,923
33,43
185,859
191,953
151,443
1,317
149,480
60,748
147,70
52,133
50,185
144,86
11,776
181,40
133,960
25,567
136,570
30,618
21,757
87,864
179,722
2,296
2,403
180,47
194,271
96,496
46,104
34,577
73,40
191,884
157,374
158,975
191,96
76,994
194,383
71,789
31,920
57,326
21,933
198,679
195,338
51,205
98,677
46,972
72,12
148,687
184,883
117,319
2,216
30,687
169,292
196,915
89,127
141,323
29,761
117,679
53,907
160,532
97,541
178,140
17,480
8,454
30,807
77,614
100,457
100,816
124,89
46,570
74,146
22,285
173,852
159,403
76,357
113,912
91,999
119,67
86,800
108,105
19,468
49,985
100,17
132,557
144,157
79,528
115,775
36,943
132,534
140,204
162,743
197,23
40,497
131,786
36,330
135,850
195,188
1,368
48,340
185,14
8,522
92,7
135,596
180,192
143,823
22,139
93,936
92,538
27,273
62,567
56,642
72,615
118,233
19,507
136,206
62,176
13,569
63,244
70,998
61,258
79,60
189,464
63,651
191,345
189,235
50,609
94,44
7,656
167,400
182,186
30,826
82,637
8,620
4,301
74,533
10,122
160,331
95,679
182,862
142,193
151,964
173,975
104,925
155,90
26,698
200,834
94,662
18,800
163,474
87,169
63,41
1,628
75,757
116,825
194,273
111,412
168,116
105,52
189,734
181,168
74,787
24,832
103,332
86,500
152,549
107,1000
118,270
112,148
192,777
125,509
53,872
110,372
28,247
2,691
65,721
73,508
195,504
143,19
185,490
188,774
187,320
2,676
109,507
75,587
170,32
40,337
147,729
110,371
121,73
15,394
90,785
132,496
77,788
112,10
166,62
57,91
104,671
117,280
178,131
79,27
111,113
134,44
168,377
96,234
65,337
148,264
84,694
90,737
180,954
192,303
181,518
144,517
18,18
23,545
176,501
83,53
188,610
145,652
47,71
136,535
23,603
5,562
93,984
126,377
170,681
26,665
31,204
72,909
55,54
86,279
115,220
58,497
60,503
102,996
156,425
195,563
144,325
131,845
10,121
74,970
66,714
64,799
177,698
132,747
167,635
57,539
190,775
88,964
139,575
168,593
200,533
9,86
169,158
118,287
193,7
190,424
68,942
138,620
101,42
82,25
191,145
133,630
123,574
31,673
131,79
122,247
46,577
45,793
98,582
148,22
103,988
130,481
46,513
16,816
121,329
20,368
54,62
82,848
74,567
121,636
164,167
154,666
186,394
196,965
44,863
120,133
64,373
135,945
100,931
151,72
17,626
45,91
155,676
103,64
89,156
165,597
187,204
26,207
178,209
10,461
177,345
35,867
93,959
108,986
136,300
5,40
1,508
167,347
95,669
189,785
155,612
71,743
23,528
51,947
154,639
111,451
127,761
125,565
116,195
177,28
11,280
195,488
84,816
105,683
93,405
64,292
51,281
110,309
89,993
26,656
154,639
141,634
186,226
44,429
129,262
174,986
133,343
122,554
168,138
98,747
15,923
85,84
20,394
73,120
126,45
53,208
91,504
160,402
161,333
129,329
152,984
125,870
108,883
16,514
80,700
101,296
128,375
135,596
125,438
149,872
12,265
164,41
94,431
138,862
41,834
67,976
103,361
164,280
72,94
40,200
70,28
194,241
129,453
104,757
26,860
167,664
59,655
167,97
186,543
154,232
14,406
102,972
83,366
53,252
194,447
148,78
140,274
186,177
34,776
124,145
182,971
91,889
37,837
174,242
35,974
171,810
83,24
97,789
169,220
81,729
55,213
152,22
154,8
177,366
170,405
141,795
21,539
84,846
122,591
11,615
116,826
136,900
186,646
118,58
6,538
18,351
31,497
164,503
86,984
104,441
116,563
191,321
140,571
108,52
91,647
49,349
53,281
75,640
7,822
41,787
33,933
13,174
77,933
15,841
62,857
140,818
109,824
42,341
64,459
143,342
25,89
147,298
71,215
32,615
96,621
111,18
161,85
179,715
194,22
132,195
191,988
28,193
103,218
149,343
130,782
143,663
196,577
107,278
27,613
49,980
73,817
145,829
40,656
31,640
24,46
124,447
125,31
111,591
55,827
71,693
116,922
135,10
37,545
32,24
141,360
69,977
99,567
134,655
103,79
84,217
111,346
199,631
68,906
52,705
129,293
84,799
36,133
30,89
34,166
178,47
135,924
124,997
167,723
162,714
93,918
112,44
164,845
4,621
115,873
181,884
120,265
17,524
191,265
139,560
2,115
191,946
26,660
164,560
185,363
12,231
186,110
56,682
19,759
24,628
102,376
72,867
133,423
155,304
147,870
58,766
182,863
25,962
157,663
130,818
159,878
138,461
144,757
9,769
159,717
130,908
96,725
173,433
149,843
89,117
69,473
25,934
37,391
26,806
168,480
199,514
192,414
136,130
46,291
118,248
158,918
174,968
170,463
49,71
114,197
170,949
197,933
188,9
65,456
132,271
70,18
75,99
8,196
2,380
123,367
61,649
82,533
190,21
31,507
75,365
2,82
32,866
157,915
187,649
179,712
147,822
48,819
109,894
15,796
174,442
59,205
66,919
74,98
44,89
5,34
119,612
179,121
187,814
38,558
165,741
57,432
20,321
21,533
65,672
187,585
73,270
129,641
189,1
140,525
178,996
147,884
178,720
58,845
49,974
93,920
4,358
130,971
72,128
129,212
87,872
73,68
54,831
72,69
170,232
138,102
9,561
88,396
67,19
97,699
126,403
55,447
48,129
157,243
120,904
2,292
164,722
52,63
115,417
131,61
39,117
182,403
155,901
8,863
90,191
181,808
63,218
103,664
164,502
192,380
57,30
69,203
134,178
145,503
155,30
161,895
166,758
139,460
147,353
28,488
95,30
56,653
29,368
55,912
193,713
190,951
168,807
130,346
156,492
73,278
113,636
52,539
50,534
21,792
130,206
172,363
38,397
92,955
33,81
197,364
38,95
71,466
153,13
197,522
81,314
53,64
133,845
136,860
186,20
57,743
200,626
44,900
19,646
89,647
154,729
113,618
21,976
151,525
11,141
185,720
96,721
197,659
154,372
83,230
7,453
25,80
145,627
39,447
120,860
33,211
149,366
50,434
195,680
100,151
59,74
189,817
26,22
71,202
83,58
78,673
110,644
35,225
1,12
1,419
17,72
7,32
64,451
138,470
72,376
128,828
127,21
185,797
110,384
165,684
114,122
160,257
78,766
82,246
99,644
127,760
160,565
37,289
118,316
15,951
118,226
164,263
56,909
112,199
144,875
91,177
47,897
180,199
16,192
12,215
51,750
123,702
145,922
199,685
146,797
36,83
162,604
100,240
105,649
31,281
34,31
37,239
150,156
153,996
75,724
18,475
181,990
183,379
154,800
71,720
73,247
60,360
38,784
21,661
61,990
153,195
84,32
166,336
152,879
173,583
69,986
77,702
104,965
23,689
84,299
115,745
157,837
114,935
26,995
48,341
121,171
83,875
194,200
173,937
170,96
133,882
69,804
49,547
161,428
42,863
9,304
95,961
55,33
23,708
176,593
3,788
43,525
124,672
107,182
159,375
168,919
27,345
191,258
28,549
18,47
127,135
50,70
128,435
28,187
137,701
89,980
119,37
185,878
99,13
145,173
194,953
151,43
146,145
120,650
14,681
187,414
110,773
52,106
42,641
183,565
107,414
113,17
131,986
70,21
163,699
119,951
45,115
30,582
131,575
11,660
146,884
119,109
103,420
150,318
114,816
165,768
28,887
73,896
113,925
139,480
198,6
197,631
158,964
46,623
147,204
72,740
149,544
93,271
92,419
128,283
16,596
139,199
53,718
102,327
55,451
66,823
135,167
84,940
29,482
127,731
143,170
61,10
43,240
78,307
66,776
113,887
48,475
171,241
76,745
97,83
19,682
96,611
62,567
15,383
134,351
164,441
154,539
148,158
183,146
97,114
142,953
166,827
16,243
183,265
4,437
178,558
37,284
160,529
96,833
128,674
57,121
24,861
57,158
86,116
41,700
147,98
10,764
140,452
170,761
109,52
52,688
22,54
105,796
131,13
50,977
131,651
73,112
139,316
101,739
15,53
93,595
198,674
119,480
102,931
112,738
117,907
156,178
144,87
64,500
200,41
92,574
70,600
176,678
71,756
17,89
49,779
143,450
160,721
158,930
195,346
51,587
65,763
62,766
32,626
24,824
178,860
54,641
195,303
151,144
33,202
106,574
84,894
150,190
52,677
188,637
67,251
45,835
172,728
139,778
173,380
3,560
58,596
52,384
188,220
148,40
65,270
69,801
91,38
131,273
187,788
107,915
1,508
92,656
82,315
9,876
129,232
68,111
73,169
130,843
157,200
66,150
115,391
84,825
47,348
28,980
30,254
148,134
134,955
44,73
168,190
70,935
195,926
136,632
104,326
162,917
105,525
37,972
31,238
192,944
184,968
99,720
146,93
144,405
86,642
69,562
86,683
33,913
59,656
85,649
105,296
108,337
66,684
84,165
190,72
28,732
97,883
168,305
126,867
116,560
15,754
162,588
81,935
161,433
44,897
154,308
97,4
19,869
137,601
98,77
102,46
70,22
107,922
168,865
200,544
151,828
39,418
186,342
14,406
147,537
112,341
158,923
47,98
156,147
18,69
4,949
181,170
37,150
42,34
163,832
90,653
170,365
157,714
157,313
83,711
134,927
117,341
19,127
8,852
55,444
61,278
1,426
155,443
31,681
193,791
32,908
90,745
162,840
189,136
153,18
58,624
80,130
124,512
88,320
53,563
143,243
195,257
115,992
143,240
31,971
90,867
182,681
187,485
151,793
93,958
187,486
191,34
1,393
177,745
84,713
98,234
84,644
109,934
92,495
99,441
166,895
55,450
74,102
195,645
43,600
2,672
99,602
106,670
199,138
136,572
113,408
70,789
129,241
29,343
130,331
35,665
170,26
71,535
56,700
155,623
8,97
13,807
81,91
142,831
77,319
103,613
18,528
140,800
125,538
44,324
193,219
20,565
43,582
9,386
68,317
6,500
39,891
74,663
41,907
51,256
16,367
107,219
32,565
135,271
45,56
154,619
126,304
149,564
93,240
108,183
6,332
39,510
198,942
196,549
63,919
136,941
192,667
136,226
94,287
179,145
9,328
36,897
112,907
65,330
39,522
20,762
38,507
45,834
50,558
36,680
30,737
194,221
118,89
43,261
112,342
167,639
122,799
181,569
118,987
61,217
199,555
81,988
58,573
125,406
149,12
169,129
27,79
6,587
195,21
80,149
33,464
179,320
134,937
170,351
84,485
51,9
88,124
109,251
134,958
92,176
146,201
44,431
159,852
11,710
176,650
122,155
172,962
124,102
138,8
190,61
98,15
36,33
109,106
136,781
79,201
34,551
109,822
171,587
85,238
122,803
127,634
31,527
2,156
22,130
15,205
196,683
124,211
154,752
58,861
98,758
19,100
108,766
45,489
100,773
47,196
122,573
93,312
64,571
8,860
80,614
192,799
105,149
139,256
63,531
133,562
153,847
190,524
95,190
31,11
77,240
141,245
67,317
195,745
125,892
85,512
101,2
199,319
121,780
92,216
200,631
50,967
71,610
139,853
136,354
125,737
12,860
80,734
166,917
76,974
186,826
161,519
116,40
107,878
92,975
120,963
159,867
58,509
192,510
155,872
185,500
152,396
156,126
183,154
29,757
22,719
175,979
198,118
80,856
16,259
61,742
195,352
41,518
104,990
33,495
190,507
40,850
80,270
135,746
68,607
183,151
146,551
83,160
47,611
2,498
34,890
200,414
111,864
162,529
160,600
143,282
158,409
146,302
186,545
200,122
157,177
106,362
66,145
109,482
136,622
100,493
44,540
89,486
124,311
119,611
12,363
176,857
148,156
75,747
44,266
106,672
35,397
12,833
65,697
141,401
186,739
186,79
46,817
27,216
173,982
188,727
190,660
24,736
113,146
58,789
69,110
57,414
105,317
181,871
168,692
87,375
43,955
34,377
103,170
87,676
59,178
45,143
178,799
13,884
178,317
81,473
32,76
71,852
139,643
6,174
152,916
33,348
181,464
126,852
37,153
93,808
193,961
109,285
185,898
55,353
149,103
88,659
181,293
186,668
52,835
127,112
59,714
118,681
65,96
178,542
100,904
192,741
71,644
41,827
28,159
102,348
9,119
132,918
109,677
55,733
8,430
135,39
164,83
40,790
166,56
63,550
16,670
79,720
103,93
94,124
45,189
96,164
80,149
123,363
55,997
187,417
48,150
59,244
193,774
130,917
105,237
175,84
182,528
3,865
30,452
163,10
121,236
6,263
124,181
101,361
19,28
45,653
57,258
6,655
166,559
66,279
67,63
127,760
182,511
182,973
127,573
17,863
61,33
5,160
20,773
186,249
110,611
127,747
159,102
9,563
113,144
195,655
194,215
16,450
93,828
15,382
195,106
32,233
141,133
135,997
30,517
42,759
30,630
36,346
67,506
177,427
142,715
65,102
24,944
153,287
1,941
30,66
39,168
117,121
21,941
120,108
119,260
60,330
178,695
192,831
164,270
132,454
96,740
35,419
86,767
156,838
89,487
87,472
51,566
197,932
180,28
91,250
127,992
199,618
85,776
142,743
28,132
139,919
150,781
64,114
90,441
22,275
5,615
159,939
189,925
161,308
146,30
25,989
99,278
93,444
101,799
15,657
138,680
147,268
124,462
94,233
67,477
1,214
99,440
26,656
163,931
25,571
14,644
62,974
168,487
154,546
200,201
198,483
55,89
109,48
23,543
125,780
28,352
28,141
47,497
58,401
154,573
52,656
87,810
109,686
84,843
34,119
145,227
19,499
122,243
95,908
194,478
194,369
158,892
45,820
12,286
30,932
101,396
170,969
18,511
98,581
79,969
40,487
87,439
122,367
73,22
187,679
121,421
128,223
114,770
114,760
136,641
107,611
55,887
169,345
105,674
59,254
12,643
110,4
100,825
5,910
22,791
142,555
94,73
29,648
94,659
139,655
104,903
81,19
155,789
5,750
108,611
165,862
168,920
20,204
86,173
62,868
91,121
57,838
196,385
101,452
40,301
177,316
88,327
140,288
1,208
90,335
135,376
56,118
56,571
41,91
192,650
19,221
32,878
41,332
74,833
154,742
168,289
180,215
156,168
43,699
103,285
41,508
114,260
41,572
26,45
141,98
159,668
162,142
14,711
33,754
154,604
188,569
84,461
39,489
17,530
116,444
184,748
115,39
124,306
191,165
30,765
122,667
175,850
130,801
9,891
75,51
21,798
76,908
59,780
102,190
159,854
120,918
45,535
120,809
34,482
71,634
181,83
132,462
4,139
163,696
134,707
20,520
26,804
88,618
94,280
90,918
48,934
63,497
41,354
89,656
22,923
108,301
22,970
41,503
86,947
67,219
46,692
168,605
196,486
47,72
128,85
8,832
32,113
88,27
161,820
120,873
56,360
103,531
62,234
96,625
164,240
183,428
117,366
141,702
28,800
189,363
71,812
127,662
116,842
173,622
41,253
74,762
91,900
1,631
34,805
182,934
32,539
65,198
156,291
113,328
165,760
166,945
43,193
149,991
172,331
66,358
25,329
25,916
110,883
185,598
77,792
111,679
39,244
31,840
62,608
169,382
189,164
23,645
143,103
189,693
158,433
81,164
184,879
155,376
109,585
99,987
183,996
157,80
150,359
98,847
186,952
163,987
37,571
152,275
10,283
161,977
132,621
4,610
179,618
147,632
32,152
71,811
141,830
62,75
53,202
198,201
86,907
151,597
189,845
197,245
152,564
194,236
70,334
91,381
166,863
136,989
46,135
82,603
64,500
153,828
79,954
163,41
12,815
153,570
117,244
25,945
15,773
184,991
69,936
138,578
185,579
134,77
47,96
86,901
63,16
123,425
133,302
168,412
33,781
10,662
7,762
110,43
197,668
153,658
84,994
31,747
66,656
21,909
147,739
50,513
127,196
36,906
82,108
40,673
71,118
199,588
117,612
121,418
95,199
128,601
92,838
158,665
5,582
185,493
139,249
134,593
138,26
46,516
198,871
92,337
160,232
6,52
159,721
176,938
186,701
4,329
139,54
90,230
67,362
99,903
56,537
124,448
193,185
200,214
54,445
45,583
50,32
61,497
65,743
190,916
200,618
75,806
15,651
129,90
153,216
23,560
42,951
55,730
62,202
143,295
200,24
163,335
19,201
33,644
10,124
130,347
74,70
179,490
172,505
88,865
12,444
94,804
135,913
85,543
76,53
191,20
1,74
107,266
104,50
127,361
31,869
3,300
81,544
73,712
152,191
191,490
167,362
52,939
152,776
198,81
64,763
54,229
125,933
199,455
51,758
187,330
96,278
3,868
142,838
77,469
145,555
61,958
46,670
60,25
147,115
175,598
181,77
185,670
11,622
81,261
58,966
162,338
55,759
117,941
176,612
156,366
98,394
64,809
143,541
38,712
30,489
160,303
123,602
191,101
180,464
127,34
140,379
133,633
62,109
120,164
120,421
186,569
41,689
21,548
26,202
26,253
121,491
199,308
75,378
14,585
37,902
149,966
115,316
115,818
183,241
159,616
182,677
21,544
57,952
14,174
113,497
136,837
180,187
157,825
40,959
4,453
166,938
72,626
22,502
20,550
6,445
165,377
148,188
37,123
193,517
90,550
173,339
171,173
197,721
30,860
34,75
15,864
103,144
127,684
109,458
200,705
51,781
197,665
51,602
59,954
188,612
102,6
39,836
74,666
32,619
10,178
133,905
1,664
64,608
69,950
152,557
116,862
72,947
31,878
121,522
54,665
117,770
70,833
117,561
37,570
36,563
120,790
41,961
131,131
183,721
109,888
125,448
75,362
48,327
190,685
178,696
169,223
159,431
16,79
138,46
174,274
40,911
144,733
134,362
26,389
100,674
50,841
151,192
72,18
23,508
135,126
102,338
129,753
151,19
85,62
41,358
69,87
77,269
47,762
199,897
3,523
168,73
74,178
102,410
195,210
152,388
169,55
56,116
166,96
33,402
137,440
182,785
199,175
127,439
90,155
136,407
151,828
18,336
90,562
8,476
117,126
13,330
148,574
110,500
6,974
145,564
13,934
146,961
119,748
181,691
166,895
59,988
168,576
150,655
155,342
147,630
111,776
9,799
124,688
66,684
184,793
27,580
178,123
12,771
28,306
12,39
163,863
81,726
77,275
115,959
125,738
73,237
91,896
177,653
181,989
193,38
185,253
112,853
75,669
118,31
49,541
5,464
38,525
170,668
42,99
14,400
52,807
142,905
37,704
155,152
151,61
87,689
177,883
156,569
5,517
176,975
121,859
185,303
36,487
104,469
24,18
27,606
100,752
148,136
87,848
168,379
74,733
68,429
120,149
178,493
69,253
84,377
69,151
173,151
63,344
92,288
190,361
101,162
195,480
185,907
52,62
40,160
105,297
200,202
63,513
180,225
121,788
16,312
59,361
121,758
94,137
15,238
70,559
107,275
65,780
94,708
79,470
195,951
186,972
93,626
78,330
3,897
124,913
126,401
192,162
114,163
69,32
184,773
80,317
115,325
89,812
100,187
69,303
194,979
29,476
128,125
65,828
172,977
28,339
91,782
171,925
57,502
162,756
197,711
184,707
48,831
67,855
183,791
101,993
152,493
59,738
195,972
168,156
110,791
157,871
140,502
163,98
2,222
145,803
150,79
134,856
198,586
139,166
46,951
26,376
97,816
140,909
86,257
181,752
167,661
117,353
94,289
44,7
124,90
75,471
141,869
152,147
64,536
54,360
66,547
38,891
44,394
79,615
62,668
188,36
118,311
123,559
23,327
73,788
100,565
11,50
140,757
11,100
16,298
200,334
71,100
90,880
95,510
98,597
89,781
7,347
29,527
136,96
35,891
28,338
100,914
110,259
56,866
3,861
91,108
174,327
12,337
87,791
186,511
147,947
98,252
179,430
66,346
156,403
158,198
68,694
64,142
158,287
168,391
25,915
60,608
193,890
7,44
100,821
55,166
182,177
6,479
23,810
64,830
92,381
88,466
128,112
102,293
66,822
154,897
146,637
134,223
109,168
191,350
15,805
191,194
106,145
41,239
106,223
90,288
73,105
10,402
98,73
192,855
194,928
128,1000
46,168
15,983
113,178
71,692
124,18
111,795
185,375
25,783
76,982
193,653
123,745
150,375
70,285
194,478
99,2
56,289
30,673
187,791
183,915
150,84
70,391
148,34
164,601
20,988
68,212
96,470
99,47
6,909
89,226
160,187
75,654
191,570
86,4
125,174
91,637
120,871
28,311
33,540
168,954
57,46
42,506
22,49
161,613
157,19
97,102
84,9
46,941
178,552
76,350
15,13
21,188
138,202
179,579
42,597
32,399
115,921
172,422
21,439
40,968
82,947
62,254
8,456
189,877
162,813
58,643
35,116
178,288
51,642
41,427
160,492
199,364
92,534
43,191
46,84
176,732
63,856
156,448
142,404
82,276
88,119
158,300
84,517
100,569
41,476
81,416
25,380
161,397
155,143
80,217
163,340
135,89
63,226
33,842
39,68
87,634
55,992
188,848
108,429
126,378
193,605
9,2
172,800
88,741
159,630
57,558
60,177
2,916
89,915
84,95
67,162
140,173
143,724
9,142
110,822
28,15
5,196
161,92
70,42
90,486
30,706
144,782
185,529
168,305
110,316
108,770
68,751
107,299
125,837
102,395
104,987
109,859
55,786
120,644
165,604
119,728
117,561
74,38
197,16
81,338
88,517
102,565
84,210
197,844
35,459
54,697
39,709
196,492
66,548
139,643
96,610
69,441
65,598
50,663
62,259
179,982
155,312
58,103
12,969
99,493
93,205
16,722
157,535
129,28
122,921
47,191
128,50
112,252
94,515
59,17
134,847
60,853
135,859
64,753
182,783
118,340
101,661
100,206
174,737
189,953
140,962
77,92
97,604
17,778
81,415
156,368
8,109
27,34
17,436
199,619
138,130
160,970
134,695
16,333
38,258
8,157
127,1
160,897
95,203
181,520
46,880
108,523
129,917
113,439
139,125
161,697
29,320
143,979
83,967
28,827
142,343
133,134
163,977
189,517
146,807
181,950
2,737
99,869
59,394
33,419
51,9
42,143
118,854
139,984
187,529
71,513
112,685
124,301
143,338
195,22
4,958
186,58
83,634
189,993
86,301
142,902
97,131
106,213
93,546
104,790
116,606
187,502
158,151
40,689
111,117
185,687
102,450
1,668
53,583
113,682
95,318
27,573
46,936
149,768
94,76
158,675
78,155
17,467
155,165
141,368
23,455
200,855
85,854
89,103
155,477
89,772
194,787
39,826
196,136
9,189
155,739
45,22
6,614
109,749
104,401
183,742
91,820
10,133
191,370
189,271
45,328
70,660
158,733
95,996
38,197
59,875
176,51
76,477
132,142
107,991
87,509
45,786
161,597
197,434
65,437
78,508
16,30
104,917
5,492
183,320
172,892
152,211
68,218
25,515
76,868
193,130
4,585
59,500
21,592
28,588
105,155
166,471
8,363
128,380
8,16
21,436
118,571
159,705
114,717
94,222
133,125
29,519
5,116
51,396
21,506
178,678
62,71
79,546
162,12
32,55
60,897
164,104
34,116
140,756
47,585
35,281
149,1000
96,310
20,657
75,808
113,694
7,245
13,388
30,91
5,691
10,110
102,57
121,228
121,807
176,940
146,752
115,950
75,99
98,929
10,954
166,951
172,78
143,264
23,841
16,636
19,106
1,374
13,711
97,964
41,300
160,419
124,237
25,813
154,389
97,770
199,672
159,651
134,945
1,349
15,973
17,906
145,312
7,816
79,627
146,534
167,549
196,53
128,955
48,197
71,35
101,699
77,994
172,258
21,315
79,804
191,668
188,481
13,49
54,639
5,846
57,553
92,249
184,600
147,243
28,13
168,805
23,29
89,476
93,983
183,125
74,841
34,261
111,743
194,263
127,372
46,575
70,348
51,173
26,275
191,623
182,57
139,975
25,911
45,200
48,866
191,820
130,519
79,329
142,124
193,323
114,248
165,259
7,591
47,677
102,481
112,146
37,315
102,968
40,418
12,774
157,483
188,590
86,58
92,104
121,2
133,135
11,345
87,151
68,837
60,87
25,552
83,235
43,697
55,451
119,745
148,575
76,206
112,253
68,469
155,354
199,133
97,788
151,899
125,553
169,481
141,199
179,140
119,204
125,78
150,940
176,763
80,452
64,915
20,109
175,254
30,878
108,840
73,41
115,904
132,651
112,744
60,111
90,286
15,696
137,661
116,763
55,670
69,370
46,237
134,531
150,549
118,467
88,605
10,404
195,753
166,86
36,26
57,796
99,991
21,112
111,331
46,415
51,216
24,149
107,822
178,621
129,934
90,821
127,732
106,93
141,382
31,16
138,923
141,960
15,685
181,651
167,609
189,591
57,472
192,421
4,664
58,32
135,362
29,399
38,150
28,338
140,989
150,603
127,254
17,532
173,712
3,835
115,391
189,922
116,900
47,552
81,595
114,20
13,428
167,580
12,765
14,404
100,79
87,878
131,865
86,26
142,286
129,589
109,327
175,697
114,664
69,354
95,235
31,783
118,874
8,944
131,838
93,37
13,712
195,958
170,358
74,249
148,943
126,89
122,737
189,436
103,265
152,290
129,590
14,382
173,735
60,643
145,375
48,875
53,882
120,143
105,118
117,766
62,634
157,202
121,977
167,460
142,81
62,173
147,152
153,850
122,160
144,660
178,221
161,340
54,176
43,447
140,865
137,136
20,141
176,342
193,416
17,612
113,57
113,352
43,714
177,704
187,466
146,597
99,890
58,351
134,702
92,245
4,2
51,990
191,777
142,452
63,789
118,302
65,615
183,407
108,968
102,369
182,855
175,217
177,953
54,727
23,87
25,720
176,784
130,888
37,957
72,445
131,260
137,271
85,255
74,652
76,577
140,709
13,560
19,710
186,653
48,575
5,979
114,911
120,875
140,191
172,815
36,668
68,320
60,540
193,590
95,589
152,471
60,367
58,1000
86,667
32,708
129,41
131,444
174,909
186,468
91,75
6,817
185,997
51,16
62,328
166,707
39,491
190,309
150,707
158,976
127,136
199,312
2,890
73,229
149,369
43,330
75,845
74,363
70,247
86,69
199,311
158,952
120,900
4,997
172,164
12,198
162,644
159,520
87,366
189,81
198,733
15,319
8,53
168,5
12,130
146,835
158,430
80,77
122,698
21,721
50,80
186,321
45,74
48,466
65,504
44,783
70,823
35,90
184,946
150,221
38,650
100,227
40,805
176,630
97,842
156,428
37,897
137,661
168,654
148,579
158,378
182,789
111,829
149,64
121,423
11,851
12,853
29,884
53,867
112,819
137,159
119,840
84,834
171,134
95,806
140,691
114,310
41,76
47,602
153,722
69,777
195,827
133,161
114,533
200,180
126,966
92,868
175,206
88,414
181,140
8,710
125,479
56,383
93,7
85,201
29,594
33,358
174,665
21,72
58,986
113,242
41,61
46,543
27,404
190,49
129,287
70,393
58,937
152,211
195,65
90,654
196,967
11,618
39,810
94,952
53,948
182,436
147,819
86,138
169,706
4,31
51,938
192,562
171,313
123,265
93,188
45,378
188,933
41,475
113,787
183,605
185,421
60,859
168,569
76,224
103,221
74,837
177,811
32,934
153,652
47,844
109,466
11,239
125,935
102,752
18,735
79,63
181,469
10,467
47,114
152,83
55,148
95,786
179,530
54,605
53,384
125,283
90,909
180,210
132,140
119,491
37,87
181,806
28,368
30,196
68,119
60,637
66,226
196,528
187,759
182,74
197,202
95,478
133,265
31,504
129,290
28,155
108,547
18,985
116,328
157,54
163,756
55,375
32,750
141,126
25,756
166,106
34,958
160,26
62,862
166,140
175,596
131,42
131,714
41,863
34,908
153,62
147,595
67,97
86,310
84,524
61,53
76,927
64,814
89,489
106,569
59,393
119,636
11,84
185,533
136,382
42,278
167,4
85,688
162,757
175,150
6,51
16,223
9,417
58,409
152,566
154,673
127,828
175,56
61,368
157,314
43,112
155,154
168,755
116,771
192,590
147,11
107,800
55,798
32,126
129,575
67,277
21,773
93,727
95,959
22,324
51,95
199,489
1,703
54,302
35,333
115,202
128,377
143,539
15,53
145,355
89,860
48,729
47,422
75,147
164,856
139,301
66,678
174,979
31,314
75,727
102,380
80,561
186,70
69,181
138,803
67,686
190,195
157,368
103,936
177,603
188,914
67,641
36,916
141,224
29,846
158,652
123,54
53,505
138,963
10,83
71,113
92,572
1,605
6,977
151,568
163,60
97,289
155,670
183,230
22,479
43,761
76,158
84,371
126,251
157,77
83,599
189,868
179,793
185,799
82,454
60,647
60,681
17,365
8,520
129,286
108,40
20,841
101,258
197,752
158,426
195,289
193,566
127,991
13,638
156,589
26,985
187,942
115,235
69,648
89,675
176,770
17,597
157,157
119,425
106,681
73,565
50,664
196,873
21,219
188,283
175,189
199,926
54,149
53,905
102,81
47,761
194,115
169,387
169,12
109,214
155,439
51,689
102,425
199,347
7,219
23,91
117,493
120,686
176,718
51,977
7,268
75,304
44,215
155,271
134,579
21,304
3,35
76,465
142,472
194,552
8,671
197,283
6,202
128,34
139,1000
4,571
29,837
25,213
129,666
91,829
190,988
20,506
130,684
8,973
18,903
193,247
47,786
155,1000
148,380
163,929
102,441
18,103
184,611
193,367
184,311
145,423
69,123
90,418
80,343
81,416
83,945
155,863
124,905
27,560
72,832
85,634
74,755
144,20
171,529
20,10
126,261
131,123
66,7
106,310
71,77
195,321
91,381
186,486
17,805
130,973
150,367
8,193
47,535
55,204
10,775
24,43
38,52
27,742
74,3
130,58
186,109
32,54
125,552
196,784
98,382
170,117
15,673
30,72
132,89
10,153
107,356
14,241
71,890
187,903
22,6
59,78
135,383
4,577
104,442
24,329
21,694
7,307
139,200
94,430
102,529
127,229
149,123
170,554
28,29
36,709
94,35
57,114
38,524
128,252
104,959
96,262
80,520
111,357
3,204
145,324
13,394
10,938
126,960
4,97
41,481
138,569
171,732
73,736
170,658
75,831
47,649
187,149
59,467
168,365
92,773
58,623
141,536
151,819
16,214
170,606
84,487
138,847
68,740
199,582
81,258
79,881
36,328
44,779
65,557
39,795
56,426
79,75
83,998
25,644
157,844
196,343
160,115
183,497
196,378
12,425
85,321
92,156
2,896
2,666
19,961
63,79
23,977
115,765
199,472
97,676
171,559
118,827
104,874
187,831
113,44
109,967
5,745
176,657
106,1
68,281
4,392
113,938
127,864
92,441
166,906
134,986
141,880
88,367
81,754
109,311
198,942
53,921
65,592
140,271
52,236
18,326
155,746
36,793
109,509
175,97
139,546
11,823
146,239
145,610
117,249
122,233
170,261
26,507
136,467
190,125
159,874
12,464
24,677
109,481
180,432
159,786
148,812
20,552
186,653
168,655
115,809
1,877
131,499
126,620
105,508
194,771
82,544
117,849
103,325
189,986
51,312
198,255
165,943
98,629
51,721
133,716
40,519
167,652
33,723
22,478
68,834
182,478
99,547
177,442
92,465
113,536
164,9
46,248
131,183
194,286
79,826
189,266
68,443
106,413
5,503
85,347
147,458
33,146
7,744
170,658
12,137
152,768
10,254
3,922
152,941
178,251
38,422
197,810
95,630
39,909
98,261
15,553
2,29
99,964
186,455
17,714
81,778
133,376
58,74
150,124
76,243
191,921
86,509
93,239
141,449
12,78
46,160
181,710
88,939
40,972
56,738
188,740
115,518
163,397
101,539
106,724
88,708
124,178
193,955
105,856
172,419
162,655
132,815
118,90
33,412
158,624
123,955
158,341
191,174
170,317
179,186
168,715
197,670
141,727
40,357
18,359
157,768
64,85
170,572
142,730
145,458
57,658
25,339
50,291
159,562
151,512
131,593
8,933
56,963
174,961
96,320
3,823
136,568
21,392
58,42
193,627
111,434
174,349
134,228
146,89
173,476
112,401
47,172
161,605
96,933
154,596
99,897
198,469
185,448
84,515
8,730
191,438
193,890
100,273
31,41
118,212
143,710
2,365
111,579
104,961
162,83
182,91
54,792
168,314
191,375
13,886
23,222
30,661
66,737
169,947
80,843
96,521
120,44
34,958
57,237
60,22
136,81
180,303
129,642
112,932
147,876
145,466
107,527
76,558
33,729
38,308
186,563
20,494
101,772
46,321
15,197
198,969
188,516
34,362
190,209
23,346
32,458
82,893
66,427
80,716
124,881
87,203
115,12
88,651
3,770
55,255
46,781
58,639
39,748
158,102
93,846
11,343
160,583
16,751
47,480
17,207
96,646
39,570
92,60
142,923
103,769
113,506
40,924
61,423
134,105
79,745
189,563
167,839
76,477
60,649
111,117
26,488
159,746
15,706
87,596
28,233
57,856
135,574
54,914
183,354
93,567
20,598
182,63
168,184
73,840
66,235
47,130
142,855
65,602
177,466
50,576
48,616
39,420
92,496
161,213
86,210
75,411
163,515
149,593
32,408
198,392
160,760
108,194
125,504
174,265
172,770
179,236
105,257
148,155
79,967
167,545
160,165
65,246
91,12
156,702
157,750
140,111
98,752
150,886
125,819
61,845
107,961
98,698
93,70
181,96
64,132
139,615
92,630
70,856
128,625
113,582
34,212
61,609
129,235
172,623
187,357
26,388
168,64
87,583
115,125
69,253
127,38
32,229
45,291
177,740
9,605
88,370
109,321
150,201
140,683
21,983
106,789
54,629
101,122
19,477
116,997
56,304
154,957
112,766
163,66
91,417
116,787
68,467
13,655
89,815
109,289
71,379
32,779
28,777
135,478
121,265
116,703
8,919
173,546
154,280
187,972
159,214
113,843
63,708
84,968
24,819
33,282
194,249
140,245
47,632
118,883
175,58
28,8
155,589
176,331
134,275
64,954
162,495
167,834
189,971
9,786
43,801
104,455
194,651
135,963
5,44
31,250
177,464
104,371
74,575
53,754
106,597
110,566
103,464
84,984
8,870
29,568
104,828
27,598
5,988
122,238
122,534
155,56
38,159
110,862
123,187
95,302
48,921
63,595
36,261
99,936
16,779
44,296
99,76
37,881
171,215
74,235
72,255
108,74
184,549
153,941
162,382
7,247
44,292
63,713
124,80
34,78
72,483
187,655
131,637
160,142
180,16
183,343
157,498
156,267
180,463
133,504
182,789
171,99
77,747
198,135
3,682
114,78
175,775
80,192
187,833
7,907
160,442
67,982
54,43
101,961
184,116
68,89
31,267
82,198
28,951
48,211
72,293
118,849
112,386
108,873
127,473
40,405
15,326
200,458
92,717
184,747
163,118
140,364
16,870
178,897
87,829
145,919
127,835
119,441
68,778
34,167
193,275
69,320
105,377
198,503
126,309
3,196
27,285
146,146
39,135
150,258
100,990
14,690
151,589
78,816
74,146
186,93
67,732
44,285
198,348
176,181
173,404
89,481
83,20
146,695
119,99
98,656
192,435
48,460
76,324
177,437
193,713
102,323
58,80
119,177
87,780
170,198
9,198
150,701
132,628
117,29
195,586
136,826
164,870
42,967
49,69
99,43
127,880
127,267
123,256
135,600
149,220
123,118
21,454
152,614
69,643
162,359
61,427
50,785
107,825
83,1
183,131
148,1000
84,587
78,546
200,389
96,598
44,358
155,601
152,179
116,498
50,425
20,620
85,325
58,485
159,403
3,551
137,798
49,690
56,711
170,93
79,272
79,897
172,779
175,49
31,479
11,434
48,316
198,396
171,472
120,631
92,737
48,754
163,945
25,853
180,19
198,485
146,239
97,367
3,571
65,589
32,998
104,863
23,117
163,97
116,226
16,735
58,916
15,633
81,66
140,513
18,539
197,483
79,202
113,497
183,556
41,619
15,146
105,992
76,402
128,190
44,672
87,893
37,768
194,91
27,243
69,877
143,642
99,181
3,603
5,471
178,794
116,523
147,663
25,894
169,144
124,35
137,459
81,628
146,489
70,231
17,452
156,997
32,879
170,136
102,178
40,266
53,982
172,759
18,969
124,724
155,743
184,440
164,56
69,213
173,163
142,343
140,478
31,403
46,693
17,753
191,506
190,884
158,349
53,945
33,77
90,275
52,406
171,531
192,933
51,134
90,787
147,35
125,668
115,596
171,808
192,417
118,799
55,352
111,1000
16,191
77,92
199,677
3,915
147,311
76,344
133,627
57,28
140,731
31,627
107,111
150,627
91,166
182,602
99,605
132,470
64,759
149,246
22,834
58,490
96,256
151,692
136,759
126,395
96,22
185,503
180,55
77,436
117,184
41,916
157,474
50,993
148,461
193,510
65,978
143,482
141,250
67,939
125,396
135,356
65,245
90,879
186,688
181,941
53,13
99,126
163,229
52,118
180,521
41,963
23,144
27,203
26,982
46,515
27,947
88,711
200,57
188,137
135,972
77,915
77,224
59,908
150,637
37,30
95,880
61,254
101,449
79,782
178,569
175,714
41,87
125,750
117,915
94,411
156,793
92,524
22,80
195,893
196,304
6,129
61,511
36,714
22,566
36,931
173,764
57,790
96,181
162,990
143,350
34,867
85,936
95,785
147,549
61,325
127,169
53,437
154,198
126,351
71,785
12,982
51,978
8,286
122,127
137,263
154,318
9,113
106,104
59,612
75,924
107,550
171,846
150,1
106,191
87,980
42,60
43,755
180,210
102,748
177,193
42,316
36,395
131,153
157,471
22,354
116,488
43,205
20,215
46,215
130,195
56,214
79,169
21,184
181,513
110,31
161,742
199,121
1,153
75,415
197,99
168,183
139,82
155,761
86,890
171,643
39,201
60,22
158,660
191,811
25,986
192,13
21,211
45,218
155,333
113,999
102,733
149,37
181,641
93,328
21,488
158,788
32,348
29,733
89,266
8,883
112,542
177,614
117,898
81,288
21,231
106,957
53,240
149,140
65,905
135,406
70,324
143,921
169,864
22,933
169,696
14,887
113,854
176,539
20,28
113,105
17,844
112,858
146,803
176,39
145,136
37,252
32,329
158,350
45,411
66,132
44,715
100,848
107,672
172,115
190,277
179,198
156,372
164,590
5,798
179,41
43,66
11,518
169,596
78,270
142,220
95,890
3,550
83,809
132,217
72,813
132,816
200,61
174,921
137,835
66,674
32,85
103,308
64,193
6,381
62,802
111,520
177,742
22,977
63,887
20,507
110,798
139,69
16,459
188,77
136,396
172,888
134,988
86,57
93,627
136,509
170,413
135,357
34,17
69,522
180,49
21,359
160,256
178,279
18,902
188,219
94,269
20,361
168,463
56,219
141,681
132,206
21,780
44,186
133,261
102,490
50,493
104,936
17,14
54,591
26,792
168,733
60,927
135,416
72,130
138,782
136,917
31,146
164,125
22,622
150,118
154,664
153,919
173,73
58,491
25,903
122,961
105,371
178,997
173,590
1,736
37,788
96,471
173,28
136,649
64,124
98,332
3,851
68,893
72,460
128,337
34,723
49,527
89,143
44,651
35,625
116,252
68,203
3,243
145,571
38,349
133,842
99,77
63,941
86,644
79,225
82,584
123,480
10,784
177,218
25,134
199,251
33,751
114,161
24,134
144,217
90,47
17,642
27,946
122,988
174,750
28,454
61,668
37,695
136,870
96,419
45,900
85,34
28,728
101,322
169,778
194,444
44,388
132,528
167,140
111,422
39,477
167,462
26,84
155,791
142,44
69,381
156,340
182,504
61,885
187,391
1,206
59,542
145,631
1,77
188,9
1,840
81,844
161,83
193,856
5,173
82,960
158,129
4,670
144,102
188,276
106,2
32,484
164,682
82,264
64,566
97,896
12,504
10,602
56,118
141,475
191,721
125,394
57,964
131,467
176,24
17,534
28,365
57,749
96,27
114,59
185,555
179,850
43,960
76,533
148,382
152,852
126,425
24,642
18,302
126,766
185,47
47,405
14,494
25,782
47,966
127,856
196,652
7,537
21,536
35,461
81,501
150,949
139,262
105,494
105,831
109,400
35,292
27,370
156,45
73,241
14,493
79,932
187,998
125,938
70,903
8,644
40,879
177,626
68,47
149,207
173,984
86,817
30,902
179,498
191,762
106,881
66,181
98,67
54,870
62,231
82,283
174,812
51,714
94,493
187,915
195,287
86,904
98,246
63,874
123,854
178,409
46,732
33,270
101,380
130,515
32,576
102,715
194,550
7,273
137,677
199,623
44,152
25,770
190,557
3,382
171,21
137,727
130,105
83,120
108,189
86,829
178,867
78,156
113,538
113,52
166,90
3,62
164,301
55,914
174,94
54,32
94,476
51,506
145,894
81,188
12,519
28,743
72,127
104,63
188,343
191,739
64,843
89,505
81,516
31,309
172,516
140,338
43,315
80,216
96,406
113,289
152,399
126,697
147,484
82,805
39,497
199,361
93,167
31,683
176,446
6,766
80,88
112,761
138,987
49,367
89,838
137,826
117,456
157,458
44,454
57,196
93,623
25,729
117,571
45,718
160,59
89,440
99,518
51,771
153,258
116,953
159,248
27,481
197,344
160,384
15,753
132,458
158,746
34,903
96,989
90,680
108,116
128,292
50,209
192,353
16,623
186,554
56,122
152,843
9,901
112,224
126,681
177,701
166,99
16,386
10,71
125,594
44,374
124,84
133,870
132,963
180,719
36,503
178,45
115,92
136,452
86,805
66,548
4,681
160,908
9,183
48,759
80,544
112,459
115,2
27,316
152,339
9,979
27,332
147,904
142,992
37,70
58,834
68,154
72,507
75,128
178,128
110,679
138,746
159,754
189,45
44,186
196,571
152,759
69,404
187,725
48,126
78,832
40,183
158,904
108,22
146,891
186,611
91,64
177,877
192,553
109,912
7,655
60,195
136,214
122,322
52,680
196,59
114,969
66,154
162,662
62,225
166,500
81,93
166,730
132,866
166,41
124,293
49,468
120,243
85,659
46,101
39,195
84,334
199,167
71,763
140,990
9,173
69,328
155,110
112,663
104,68
99,517
165,723
40,963
134,786
188,655
121,954
100,428
79,520
103,906
95,451
156,801
48,41
150,905
21,352
57,125
41,820
118,274
104,783
131,781
14,981
53,66
64,801
192,299
117,811
63,317
41,334
135,366
9,143
115,615
183,588
151,864
190,768
20,502
142,547
148,443
154,908
104,5
197,301
197,284
160,657
125,114
109,969
23,628
93,439
74,662
182,658
102,222
132,340
20,814
190,429
16,147
33,599
40,544
199,581
60,145
174,795
68,979
85,85
152,481
122,763
77,942
157,564
57,526
164,831
12,68
142,952
20,596
62,483
68,572
9,286
188,925
130,468
108,230
44,651
139,2
24,556
175,665
47,104
121,672
69,644
50,582
108,528
114,1
8,917
67,225
50,654
176,527
131,576
179,163
142,667
105,932
78,412
183,417
132,620
5,478
163,581
39,397
194,43
198,242
30,346
144,79
140,992
80,455
36,85
171,912
115,124
175,91
41,449
78,931
17,220
154,631
1,351
39,718
194,517
92,963
4,531
193,632
125,472
142,936
89,22
152,381
37,379
200,915
173,253
21,646
100,620
118,966
145,411
164,803
16,841
171,919
168,936
196,258
69,634
25,731
15,578
102,733
4,282
1,345
156,364
135,885
157,205
131,606
106,280
12,508
132,51
75,223
181,278
127,27
90,816
10,869
193,473
95,227
112,248
11,196
24,894
168,250
8,72
169,563
95,75
21,66
183,703
41,240
3,673
145,906
138,291
55,115
133,806
135,230
106,535
141,403
10,254
195,515
132,747
63,10
129,661
162,741
199,455
144,877
9,852
171,708
105,921
87,959
157,578
111,456
119,104
95,861
90,326
57,110
164,258
61,535
147,670
188,42
99,482
157,202
101,245
39,593
82,346
126,299
15,519
1,549
134,122
34,559
144,693
63,27
127,147
38,133
132,825
199,277
184,583
176,931
93,928
187,452
65,808
189,71
62,227
148,55
174,243
148,731
48,947
99,797
191,238
116,749
167,456
154,189
24,821
1,898
194,770
30,873
131,384
68,416
32,281
37,227
182,303
154,449
62,315
192,959
79,670
66,610
123,736
44,123
131,662
147,194
83,309
169,738
12,549
45,662
64,643
105,192
35,703
153,25
124,733
17,643
129,757
99,823
172,968
79,738
7,553
193,212
140,853
173,935
46,862
5,724
160,254
198,163
27,777
71,12
159,454
1,321
68,952
178,511
51,536
170,325
1,303
16,828
19,781
136,410
15,234
33,467
23,504
1,982
197,708
118,430
81,557
69,717
4,527
177,688
64,226
141,731
70,861
126,552
79,747
127,401
31,5
108,375
10,222
127,980
114,30
161,39
56,804
50,740
155,851
113,643
197,628
129,465
194,412
140,238
56,717
79,137
99,859
4,802
132,844
34,675
194,860
118,39
103,777
115,750
113,728
107,737
48,13
151,755
162,701
32,478
167,515
196,959
91,565
143,231
127,943
82,486
143,833
70,797
112,394
149,828
108,485
65,889
93,166
136,906
156,449
101,214
127,65
126,43
89,987
156,421
36,112
53,993
81,718
126,788
48,323
170,338
10,656
78,766
21,801
86,748
49,866
44,263
38,522
24,955
11,955
15,653
58,772
196,877
45,34
46,170
175,729
184,291
89,505
176,767
176,692
137,139
58,106
155,551
42,171
192,191
5,262
41,332
158,425
168,776
34,418
22,255
163,434
53,374
190,661
39,875
63,250
103,646
134,851
200,394
124,249
102,104
152,886
182,292
168,674
178,543
25,984
106,333
40,211
29,96
117,370
22,324
30,715
143,334
199,43
110,53
200,501
123,40
22,976
156,528
133,477
191,293
18,264
28,938
57,269
111,920
23,721
13,102
136,629
28,836
72,263
140,470
157,226
100,835
14,868
141,11
126,9
28,183
176,274
199,102
193,97
35,300
159,9
117,232
150,902
58,820
180,840
54,928
123,442
154,425
188,788
38,745
6,190
63,33
11,178
67,826
39,781
165,748
139,127
29,392
99,636
89,738
149,94
150,953
41,705
118,330
23,797
17,479
112,245
88,372
157,917
108,605
9,704
74,702
136,588
157,554
148,362
127,680
137,511
145,447
176,957
101,629
51,887
64,865
8,105
41,917
140,665
68,660
88,149
109,905
71,787
58,504
131,765
90,755
12,944
71,703
55,200
60,894
141,397
168,881
193,492
131,726
124,934
110,856
24,139
130,102
113,166
20,446
134,851
61,722
54,262
119,55
184,553
99,266
121,54
133,884
130,138
27,251
194,457
115,326
80,680
139,228
8,96
133,655
90,991
92,75
160,511
157,414
16,331
174,70
164,727
92,406
27,588
102,965
192,531
2,825
136,90
125,930
161,271
93,530
160,711
155,793
79,477
198,368
158,308
149,940
68,239
160,254
35,220
168,151
63,969
82,630
92,139
37,222
147,413
106,129
79,973
91,387
143,551
92,442
183,286
182,445
149,854
156,926
135,491
70,899
48,596
127,287
22,600
170,643
40,945
19,513
22,649
123,123
70,779
157,345
40,468
104,633
112,260
25,684
170,559
91,845
130,909
75,546
82,468
177,382
190,539
58,816
66,32
143,115
161,489
159,270
123,280
97,661
185,354
192,800
196,610
64,491
30,706
10,3
197,530
174,522
24,108
108,916
160,3
6,572
116,378
174,861
16,607
126,60
170,103
151,795
176,763
125,923
145,23
25,437
133,358
173,572
94,519
55,232
146,117
153,226
200,15
47,420
58,663
135,958
129,942
160,530
26,345
84,404
111,752
84,754
23,343
187,664
71,130
108,188
124,209
41,624
90,7
177,887
103,433
172,422
136,455
171,98
197,278
87,314
161,932
146,234
200,998
16,15
136,627
119,980
178,551
111,738
190,943
184,541
29,438
155,422
147,99
86,167
105,502
99,105
118,719
112,909
80,829
15,24
31,411
194,843
71,817
54,639
197,360
195,569
200,805
111,335
72,612
38,875
11,259
16,844
152,883
28,961
57,212
109,870
196,660
200,63
58,459
119,955
196,166
159,76
173,486
87,275
47,622
177,17
12,442
95,305
106,176
52,25
70,83
181,266
14,535
136,454
139,507
31,151
177,800
172,32
145,513
40,517
15,857
196,4
93,256
143,944
164,330
167,491
109,570
186,617
180,877
63,184
173,976
25,747
137,379
84,901
123,673
28,357
144,104
112,617
199,150
172,215
112,84
142,951
28,26
75,504
145,150
169,569
181,402
2,443
25,308
18,1000
54,676
80,163
60,546
173,398
7,853
56,793
15,84
108,742
144,835
57,792
163,574
141,634
21,599
96,795
141,702
29,639
140,701
50,196
106,551
112,293
65,326
189,242
37,426
68,86
16,969
19,439
53,251
128,331
174,278
153,318
28,903
63,576
197,319
187,774
140,637
59,424
129,462
40,572
25,539
121,275
195,379
14,515
199,422
136,22
123,381
128,773
77,970
96,550
130,517
7,647
63,474
130,151
94,382
48,516
123,712
164,973
150,114
11,641
27,456
64,648
35,626
63,538
190,713
95,788
63,381
176,581
25,886
96,381
152,208
42,716
41,289
82,249
82,514
92,731
49,471
168,601
194,424
161,134
37,65
105,102
54,729
79,502
76,1000
121,814
16,777
140,633
72,594
181,91
2,235
33,169
93,508
47,645
99,588
47,443
30,718
4,597
150,916
169,183
148,167
168,997
20,614
193,322
23,895
193,562
98,159
134,362
150,140
85,161
131,416
118,601
38,804
73,322
141,132
129,220
198,735
156,703
85,942
89,937
189,796
96,900
196,541
132,579
4,913
35,649
116,183
124,466
70,130
109,368
166,177
142,159
148,443
184,352
76,678
166,776
10,665
5,653
104,332
103,488
48,540
89,140
78,629
82,898
103,744
137,798
174,889
3,491
174,90
61,392
139,817
166,909
110,163
43,259
146,997
13,206
35,845
73,186
154,415
66,411
72,174
51,432
113,215
59,922
173,184
49,436
177,331
190,785
100,988
38,410
68,903
94,2
71,547
185,560
60,538
155,574
149,473
194,459
43,503
194,649
3,142
149,5
195,327
187,602
80,175
127,951
190,881
47,780
89,929
83,928
182,990
75,874
73,927
150,357
119,74
199,413
85,100
185,606
11,897
58,670
169,417
69,868
170,220
181,902
19,455
42,404
129,105
192,112
104,687
45,325
116,147
196,150
114,529
110,118
164,393
37,471
99,837
127,491
94,125
174,601
43,176
185,750
200,700
54,942
166,542
158,302
145,881
173,548
191,995
62,981
60,102
116,551
108,203
121,261
134,302
182,641
77,335
135,572
59,106
197,582
120,542
156,838
88,948
176,713
93,917
192,893
181,193
96,597
200,709
174,799
81,251
164,144
92,917
191,972
187,773
14,586
180,202
150,491
154,145
105,545
28,631
54,357
23,449
41,381
65,495
150,790
123,486
196,573
61,468
128,829
66,464
178,387
50,278
37,920
194,297
16,450
190,280
196,104
199,95
116,452
4,756
43,458
120,385
169,510
49,124
191,446
189,743
169,999
84,243
35,633
127,198
135,239
2,380
152,656
8,794
158,606
60,429
100,52
62,57
66,587
171,905
103,418
32,455
198,110
144,849
56,870
198,353
57,288
143,786
56,698
178,463
13,577
165,580
27,414
175,808
105,710
136,18
38,399
65,814
86,409
24,180
26,552
24,883
191,957
154,159
177,253
92,185
177,855
126,798
32,13
49,830
27,713
188,591
195,163
196,732
34,68
166,821
141,459
150,487
10,972
49,784
89,424
26,313
98,481
34,558
15,94
79,595
79,838
21,397
92,983
68,546
55,84
145,105
127,318
161,690
83,800
124,535
124,293
197,709
92,724
192,763
118,999
192,87
135,425
6,181
74,503
143,632
109,15
153,556
75,219
33,594
37,169
172,982
129,140
111,940
113,45
112,156
122,542
3,246
109,183
55,556
38,66
166,84
115,265
195,185
170,160
159,492
167,31
29,217
167,334
109,346
65,946
79,155
185,24
94,773
47,32
122,740
145,998
162,740
168,536
186,895
65,305
172,109
103,777
33,516
89,38
182,737
66,934
157,18
94,526
51,17
173,184
111,263
46,790
107,392
115,553
33,773
77,409
174,803
115,224
165,457
21,711
85,581
77,789
114,810
193,11
63,44
76,296
46,962
126,176
7,937
68,753
24,465
132,171
178,598
64,1000
191,586
49,464
44,601
140,564
160,104
185,246
9,326
57,973
182,679
99,503
125,872
28,374
73,689
35,670
190,965
23,768
161,44
180,960
105,580
92,197
139,766
68,406
125,144
158,120
58,828
200,619
2,386
64,235
183,290
188,115
9,557
94,409
61,205
200,41
90,95
142,527
46,107
34,20
173,241
21,449
178,190
46,270
13,695
139,44
49,949
126,959
115,33
132,313
130,681
58,445
169,963
110,660
21,126
46,887
102,152
19,847
117,528
161,326
122,36
158,357
106,752
82,635
29,469
101,678
187,368
110,483
145,130
17,181
189,816
50,697
74,430
18,21
152,45
192,736
59,136
172,824
143,918
64,623
80,740
186,317
158,123
160,761
195,985
132,520
119,283
136,657
54,863
158,547
5,156
146,82
72,958
2,550
15,103
146,338
142,266
61,254
23,529
2,92
60,978
80,545
199,865
94,673
147,946
171,140
101,611
10,539
35,297
187,604
108,515
79,326
40,855
39,893
90,58
141,857
173,78
40,475
53,902
98,507
116,949
59,640
179,239
44,787
129,332
47,958
99,3
132,903
145,333
177,336
89,352
138,863
84,483
30,649
196,579
21,914
151,924
10,872
104,494
14,304
189,538
142,436
126,122
129,465
181,509
15,719
81,940
109,310
112,699
175,303
135,505
52,441
60,416
49,603
175,670
137,103
46,962
196,557
10,989
100,456
178,156
52,796
72,4
166,377
192,864
28,168
30,575
69,573
138,37
161,274
142,306
162,896
99,290
4,591
74,15
105,513
82,508
129,503
157,657
176,805
96,412
171,205
92,249
189,514
37,888
83,986
190,708
91,464
101,143
189,346
127,903
33,260
55,937
141,898
1,804
25,632
173,27
6,32
108,145
144,517
107,592
37,852
124,578
142,576
138,625
68,240
129,781
59,398
186,475
10,49
146,898
172,274
198,275
150,466
44,849
33,980
156,612
166,87
195,378
26,827
18,32
78,767
4,491
63,97
176,648
160,698
129,821
18,591
140,43
31,406
11,257
157,117
15,10
170,531
102,11
184,449
39,306
177,653
24,706
147,975
179,511
189,44
172,570
98,884
21,518
182,819
131,911
10,423
6,171
140,818
129,814
127,611
184,790
15,358
188,409
40,613
34,118
124,705
79,484
164,64
149,565
58,744
24,986
141,241
14,35
76,948
139,972
185,231
137,478
99,9
179,953
54,100
164,920
193,369
31,421
77,978
165,954
192,458
19,887
99,418
147,176
45,378
92,311
33,21
44,443
95,806
24,516
163,369
29,105
130,670
93,884
198,641
103,310
196,314
12,238
174,273
71,640
189,276
127,298
25,176
60,402
59,389
45,375
50,828
24,777
155,930
109,63
13,10
60,828
31,550
53,437
141,316
59,702
114,627
25,59
118,612
40,230
22,645
8,110
53,61
164,612
195,103
48,682
182,671
14,997
161,186
106,608
34,677
12,940
144,839
121,666
135,185
125,588
4,490
180,244
75,443
195,104
95,698
81,652
51,463
86,940
69,448
81,708
93,724
13,265
67,701
197,920
192,201
122,822
199,372
129,28
77,501
20,292
146,352
143,682
55,955
80,183
38,109
138,716
128,641
40,796
164,291
118,533
69,318
130,480
115,681
69,477
44,883
40,252
30,596
58,878
141,357
176,746
130,368
3,608
126,304
93,518
125,342
79,452
169,260
131,197
130,479
125,939
111,297
10,126
15,19
89,52
9,697
91,192
133,714
167,566
36,715
127,635
129,70
20,732
143,137
98,513
148,473
99,803
128,282
117,232
185,821
71,460
18,956
126,642
41,438
14,260
76,102
23,542
178,11
187,540
111,316
119,710
49,674
82,368
80,396
52,159
168,735
81,688
137,777
21,829
45,392
133,381
29,798
54,577
42,83
27,406
151,815
180,930
132,999
180,779
162,55
162,555
67,463
116,411
60,558
66,676
8,143
182,639
89,339
166,500
162,585
10,654
118,741
104,162
81,511
137,707
142,92
52,646
156,704
78,542
78,474
22,791
88,467
95,770
52,844
166,211
133,731
59,644
148,90
78,982
123,344
151,935
17,987
72,77
197,355
89,562
100,505
133,11
17,753
65,526
11,621
61,631
48,429
191,54
44,633
179,687
136,88
155,762
150,197
147,178
33,224
118,214
124,750
10,361
125,12
156,506
96,476
121,711
126,953
39,995
40,601
164,22
16,707
151,159
138,270
13,492
9,362
177,747
121,852
162,310
47,614
12,60
70,85
158,851
87,348
166,363
90,425
36,363
140,465
142,832
94,449
115,189
166,226
89,853
186,834
176,510
196,661
112,620
67,140
24,540
178,849
194,104
76,162
30,998
198,596
57,125
17,76
132,378
23,571
65,336
107,387
144,812
126,951
94,98
14,773
173,414
119,62
171,6
173,392
25,488
41,103
17,931
112,527
136,209
22,461
55,151
39,461
190,938
1,19
163,804
199,991
72,864
174,504
33,973
152,180
168,55
184,915
39,204
121,671
70,228
128,320
84,735
50,158
126,325
124,553
145,53
107,363
133,560
144,65
59,123
45,482
9,31
64,557
116,157
54,154
10,656
35,959
24,576
76,709
136,534
152,706
100,747
33,101
169,393
6,122
128,194
130,935
156,202
149,182
198,805
143,429
171,326
58,111
60,468
61,466
112,937
168,104
97,220
81,885
17,774
200,170
